fips_code,inactivity%
01001,28.7
01003,25.2
01005,32.9
01007,33.2
01009,28.5
01011,33.1
01013,34.4
01015,33.6
01017,34.8
01019,31.0
01021,32.0
01023,33.8
01025,30.2
01027,36.2
01029,33.2
01031,29.4
01033,29.7
01035,33.5
01037,30.8
01039,35.5
01041,31.6
01043,28.4
01045,27.8
01047,34.2
01049,32.4
01051,29.7
01053,33.4
01055,32.5
01057,30.5
01059,34.8
01061,30.5
01063,33.1
01065,35.3
01067,28.8
01069,30.5
01071,32.0
01073,28.3
01075,33.1
01077,29.6
01079,34.9
01081,23.2
01083,31.6
01085,30.8
01087,31.1
01089,24.6
01091,34.7
01093,35.7
01095,31.6
01097,29.6
01099,32.1
01101,28.0
01103,30.5
01105,32.6
01107,33.6
01109,28.5
01111,30.6
01113,31.1
01115,28.6
01117,23.6
01119,31.2
01121,34.1
01123,32.2
01125,28.2
01127,33.8
01129,33.3
01131,32.3
01133,30.6
02013,29.0
02016,23.9
02020,18.2
02050,26.7
02060,22.9
02068,17.6
02070,25.5
02090,19.7
02100,19.8
02105,20.7
02110,16.3
02122,23.7
02130,21.7
02150,19.9
02164,23.3
02170,21.8
02180,26.9
02185,25.3
02188,26.3
02195,20.3
02198,29.0
02220,17.3
02230,18.5
02240,20.9
02261,23.1
02275,21.5
02282,24.7
02290,25.2
04001,21.8
04003,23.0
04005,16.3
04007,25.8
04009,23.4
04011,24.2
04012,30.3
04013,19.6
04015,31.7
04017,24.1
04019,18.1
04021,26.1
04023,18.9
04025,20.2
04027,27.6
05001,37.1
05003,33.7
05005,31.6
05007,24.8
05009,32.8
05011,36.7
05013,35.7
05015,33.0
05017,38.0
05019,31.8
05021,40.3
05023,38.9
05025,32.0
05027,34.5
05029,32.6
05031,33.8
05033,32.8
05035,34.4
05037,35.5
05039,37.5
05041,34.9
05043,31.8
05045,30.3
05047,33.4
05049,32.9
05051,28.4
05053,32.7
05055,38.6
05057,35.5
05059,37.4
05061,33.7
05063,36.5
05065,34.7
05067,39.0
05069,36.4
05071,37.1
05073,35.0
05075,37.7
05077,35.4
05079,37.3
05081,33.2
05083,36.1
05085,30.4
05087,32.7
05089,32.9
05091,32.9
05093,40.4
05095,37.6
05097,32.2
05099,34.3
05101,36.3
05103,38.3
05105,30.7
05107,38.0
05109,32.3
05111,35.0
05113,34.3
05115,28.3
05117,35.3
05119,27.5
05121,39.8
05123,36.4
05125,30.6
05127,31.1
05129,33.4
05131,31.1
05133,33.2
05135,29.2
05137,31.9
05139,39.1
05141,33.7
05143,25.9
05145,29.5
05147,32.9
05149,36.7
06001,14.7
06003,17.5
06005,17.1
06007,17.6
06009,17.4
06011,16.3
06013,16.6
06015,18.1
06017,14.5
06019,19.0
06021,16.7
06023,14.1
06025,21.7
06027,16.1
06029,21.9
06031,18.4
06033,21.9
06035,16.7
06037,17.3
06039,19.6
06041,10.8
06043,16.9
06045,17.6
06047,20.8
06049,21.0
06051,14.4
06053,16.8
06055,14.0
06057,14.6
06059,15.4
06061,14.0
06063,15.6
06065,18.4
06067,16.9
06069,14.4
06071,18.6
06073,14.8
06075,13.8
06077,18.6
06079,15.1
06081,15.6
06083,14.7
06085,15.3
06087,11.4
06089,20.3
06091,16.7
06093,19.5
06095,18.4
06097,13.2
06099,18.3
06101,22.0
06103,20.5
06105,20.2
06107,18.2
06109,16.1
06111,16.7
06113,14.2
06115,15.1
08001,20.0
08003,18.9
08005,16.2
08007,14.9
08009,21.6
08011,22.8
08013,9.4
08014,12.8
08015,15.1
08017,25.4
08019,15.8
08021,20.9
08023,25.6
08025,21.3
08027,18.6
08029,17.5
08031,12.6
08033,16.0
08035,11.1
08037,10.4
08039,17.8
08041,16.2
08043,19.7
08045,11.8
08047,17.0
08049,12.3
08051,11.7
08053,16.0
08055,22.1
08057,18.5
08059,12.1
08061,21.3
08063,26.5
08065,15.7
08067,12.6
08069,12.1
08071,22.1
08073,21.5
08075,21.0
08077,17.8
08079,19.2
08081,22.3
08083,19.6
08085,17.1
08087,20.3
08089,21.2
08091,13.5
08093,15.5
08095,21.0
08097,9.5
08099,22.3
08101,19.8
08103,17.6
08105,19.6
08107,11.6
08109,19.0
08111,17.3
08113,13.3
08115,21.9
08117,9.1
08119,17.1
08121,18.3
08123,17.6
08125,25.2
09001,20.3
09003,23.1
09005,20.5
09007,21.3
09009,23.1
09011,21.6
09013,17.7
09015,24.0
10001,28.1
10003,23.0
10005,26.7
11001,17.0
12001,19.2
12003,35.8
12005,27.4
12007,33.4
12009,24.6
12011,23.9
12013,33.9
12015,24.0
12017,28.1
12019,25.1
12021,17.8
12023,32.3
12027,31.0
12029,31.6
12031,23.7
12033,25.9
12035,23.0
12037,27.1
12039,32.3
12041,31.0
12043,33.9
12045,28.4
12047,32.9
12049,33.9
12051,31.3
12053,26.2
12055,28.6
12057,24.2
12059,35.6
12061,25.2
12063,32.5
12065,27.0
12067,33.1
12069,25.8
12071,23.8
12073,18.6
12075,31.4
12077,30.6
12079,29.8
12081,21.9
12083,27.8
12085,21.4
12086,22.3
12087,20.7
12089,23.7
12091,24.7
12093,29.6
12095,23.0
12097,26.8
12099,23.3
12101,25.2
12103,23.7
12105,27.9
12107,31.6
12109,18.2
12111,25.7
12113,24.7
12115,20.9
12117,20.8
12119,21.5
12121,29.2
12123,35.5
12125,31.2
12127,25.6
12129,26.4
12131,24.4
12133,34.5
13001,29.6
13003,31.5
13005,28.0
13007,28.6
13009,24.7
13011,28.3
13013,30.8
13015,26.6
13017,29.9
13019,34.5
13021,27.1
13023,29.1
13025,27.0
13027,29.1
13029,25.6
13031,25.4
13033,27.8
13035,30.1
13037,28.4
13039,24.8
13043,30.6
13045,29.0
13047,30.1
13049,29.2
13051,24.1
13053,27.5
13055,27.5
13057,21.6
13059,24.6
13061,30.7
13063,26.0
13065,29.8
13067,18.3
13069,34.0
13071,33.8
13073,23.0
13075,27.4
13077,25.1
13079,32.6
13081,31.2
13083,26.9
13085,23.1
13087,28.0
13089,21.1
13091,30.9
13093,31.9
13095,29.1
13097,26.0
13099,31.2
13101,28.4
13103,23.3
13105,29.3
13107,30.4
13109,29.6
13111,25.7
13113,20.6
13115,29.6
13117,18.7
13119,35.0
13121,18.7
13123,28.4
13125,26.7
13127,29.2
13129,24.0
13131,31.8
13133,30.7
13135,21.3
13137,29.4
13139,23.8
13141,29.5
13143,28.0
13145,23.1
13147,28.6
13149,28.1
13151,23.7
13153,23.8
13155,29.7
13157,27.5
13159,30.0
13161,31.1
13163,29.7
13165,28.3
13167,31.5
13169,29.2
13171,30.3
13173,28.4
13175,31.6
13177,24.7
13179,27.6
13181,30.1
13183,28.0
13185,28.5
13187,26.1
13189,30.6
13191,28.8
13193,32.3
13195,28.3
13197,31.3
13199,32.6
13201,34.9
13205,30.3
13207,27.7
13209,30.0
13211,27.2
13213,31.6
13215,27.9
13217,29.5
13219,21.6
13221,26.5
13223,26.4
13225,28.1
13227,22.9
13229,33.4
13231,29.2
13233,30.4
13235,30.8
13237,24.5
13239,30.3
13241,23.9
13243,34.5
13245,27.9
13247,28.0
13249,27.9
13251,31.8
13253,32.3
13255,28.2
13257,28.7
13259,29.5
13261,28.5
13263,30.8
13265,31.1
13267,30.3
13269,31.8
13271,32.1
13273,30.5
13275,24.1
13277,29.8
13279,26.5
13281,27.7
13283,34.2
13285,29.3
13287,32.8
13289,31.8
13291,26.5
13293,30.2
13295,31.7
13297,24.3
13299,30.0
13301,33.0
13303,30.7
13305,29.8
13307,30.8
13309,32.5
13311,26.2
13313,31.7
13315,27.3
13317,30.4
13319,29.8
13321,30.9
15001,19.6
15003,18.7
15007,19.0
15009,18.6
16001,16.3
16003,22.1
16005,19.8
16007,24.5
16009,25.2
16011,25.5
16013,13.6
16015,24.6
16017,22.2
16019,19.9
16021,24.9
16023,23.9
16025,21.6
16027,22.4
16029,25.3
16031,24.2
16033,24.8
16035,21.0
16037,22.9
16039,27.4
16041,22.5
16043,19.6
16045,22.9
16047,23.8
16049,23.8
16051,22.8
16053,22.7
16055,18.3
16057,16.8
16059,21.6
16061,21.3
16063,22.9
16065,16.3
16067,22.2
16069,24.2
16071,19.0
16073,29.0
16075,23.7
16077,23.5
16079,28.0
16081,16.4
16083,22.9
16085,21.0
16087,28.5
17001,24.0
17003,29.6
17005,25.8
17007,23.5
17009,27.4
17011,28.1
17013,30.3
17015,26.7
17017,25.4
17019,20.8
17021,32.3
17023,28.2
17025,33.0
17027,29.9
17029,23.7
17031,20.0
17033,26.3
17035,26.1
17037,22.1
17039,26.3
17041,27.0
17043,18.3
17045,24.0
17047,26.5
17049,24.6
17051,24.4
17053,25.7
17055,28.4
17057,29.2
17059,29.4
17061,28.4
17063,24.7
17065,26.8
17067,28.9
17069,28.5
17071,28.0
17073,28.6
17075,27.8
17077,24.5
17079,24.0
17081,26.5
17083,28.1
17085,28.1
17087,26.1
17089,18.9
17091,24.8
17093,21.5
17095,26.2
17097,20.3
17099,25.6
17101,26.0
17103,29.3
17105,31.3
17107,25.0
17109,22.7
17111,22.2
17113,22.3
17115,24.4
17117,30.8
17119,27.2
17121,32.6
17123,26.8
17125,27.1
17127,28.6
17129,24.8
17131,29.9
17133,27.0
17135,24.9
17137,29.0
17139,27.2
17141,22.9
17143,24.7
17145,24.4
17147,24.7
17149,29.5
17151,27.2
17153,28.2
17155,25.3
17157,24.6
17159,29.3
17161,24.6
17163,28.2
17165,26.0
17167,25.2
17169,25.8
17171,25.6
17173,30.9
17175,28.1
17177,26.4
17179,26.0
17181,26.4
17183,26.6
17185,27.9
17187,28.6
17189,26.9
17191,28.4
17193,25.3
17195,26.2
17197,24.0
17199,26.7
17201,26.3
17203,22.1
18001,31.4
18003,24.2
18005,26.9
18007,33.2
18009,31.0
18011,25.1
18013,29.1
18015,32.7
18017,30.0
18019,33.6
18021,27.0
18023,32.1
18025,32.1
18027,31.7
18029,31.0
18031,32.2
18033,27.9
18035,31.3
18037,23.9
18039,28.7
18041,34.8
18043,31.7
18045,30.7
18047,27.0
18049,24.9
18051,34.6
18053,30.4
18055,29.9
18057,18.9
18059,29.1
18061,31.8
18063,29.3
18065,30.3
18067,29.8
18069,28.6
18071,30.0
18073,29.4
18075,34.6
18077,28.9
18079,31.6
18081,25.0
18083,34.1
18085,23.2
18087,27.0
18089,29.7
18091,27.7
18093,30.4
18095,28.2
18097,27.2
18099,26.9
18101,33.8
18103,30.5
18105,21.4
18107,27.3
18109,30.4
18111,33.0
18113,26.7
18115,27.7
18117,32.4
18119,29.6
18121,33.4
18123,25.9
18125,31.5
18127,27.0
18129,29.0
18131,29.7
18133,31.0
18135,32.4
18137,27.7
18139,35.2
18141,25.0
18143,32.4
18145,30.8
18147,29.3
18149,34.1
18151,30.3
18153,35.1
18155,33.2
18157,25.3
18159,31.2
18161,34.1
18163,28.6
18165,31.2
18167,30.1
18169,35.5
18171,25.7
18173,26.4
18175,29.5
18177,28.5
18179,30.8
18181,27.7
18183,23.8
19001,29.7
19003,28.4
19005,24.8
19007,33.5
19009,28.4
19011,28.1
19013,24.4
19015,26.3
19017,24.6
19019,26.9
19021,24.8
19023,28.8
19025,24.8
19027,25.2
19029,25.6
19031,31.5
19033,27.9
19035,29.8
19037,24.4
19039,27.5
19041,25.1
19043,28.8
19045,27.5
19047,31.4
19049,27.0
19051,30.8
19053,24.9
19055,28.6
19057,26.8
19059,24.8
19061,22.7
19063,29.8
19065,29.4
19067,29.4
19069,25.9
19071,27.9
19073,30.0
19075,27.3
19077,30.6
19079,27.5
19081,26.1
19083,27.5
19085,28.3
19087,27.9
19089,28.7
19091,27.1
19093,29.3
19095,22.8
19097,27.0
19099,30.4
19101,22.8
19103,16.2
19105,23.9
19107,29.9
19109,27.0
19111,28.3
19113,22.4
19115,29.0
19117,30.4
19119,26.9
19121,26.2
19123,25.9
19125,22.8
19127,26.8
19129,30.6
19131,24.5
19133,28.5
19135,31.5
19137,30.1
19139,26.7
19141,22.0
19143,30.1
19145,28.0
19147,28.1
19149,24.9
19151,31.2
19153,21.5
19155,29.9
19157,23.2
19159,30.0
19161,25.7
19163,23.0
19165,32.5
19167,25.2
19169,19.5
19171,33.2
19173,24.0
19175,27.3
19177,30.0
19179,31.5
19181,29.1
19183,26.9
19185,26.2
19187,27.0
19189,30.6
19191,20.5
19193,26.7
19195,31.0
19197,29.7
20001,29.8
20003,28.5
20005,28.4
20007,27.7
20009,28.1
20011,27.9
20013,32.4
20015,26.3
20017,28.8
20019,36.3
20021,32.7
20023,33.8
20025,27.8
20027,28.1
20029,29.2
20031,26.2
20033,26.5
20035,30.4
20037,26.9
20039,27.7
20041,29.6
20043,28.6
20045,18.7
20047,28.5
20049,26.9
20051,25.6
20053,33.2
20055,22.4
20057,30.7
20059,30.7
20061,26.4
20063,25.9
20065,26.9
20067,26.4
20069,24.8
20071,27.3
20073,28.6
20075,21.7
20077,35.0
20079,26.6
20081,27.9
20083,27.3
20085,30.0
20087,23.1
20089,30.1
20091,17.8
20093,26.5
20095,29.6
20097,27.1
20099,32.5
20101,26.2
20103,26.1
20105,24.6
20107,29.3
20109,27.5
20111,23.0
20113,25.1
20115,25.2
20117,26.2
20119,26.4
20121,26.1
20123,27.7
20125,27.4
20127,29.3
20129,32.6
20131,27.7
20133,29.0
20135,26.7
20137,25.5
20139,29.3
20141,29.6
20143,29.7
20145,24.8
20147,30.9
20149,24.7
20151,24.4
20153,32.3
20155,27.0
20157,35.1
20159,25.7
20161,17.1
20163,29.5
20165,29.6
20167,23.4
20169,25.9
20171,28.7
20173,24.8
20175,27.0
20177,24.1
20179,29.5
20181,29.6
20183,27.4
20185,32.6
20187,32.3
20189,29.3
20191,30.3
20193,26.0
20195,27.3
20197,25.6
20199,25.5
20201,30.6
20203,27.0
20205,26.5
20207,28.8
20209,32.7
21001,32.1
21003,34.0
21005,28.1
21007,33.2
21009,31.2
21011,30.4
21013,34.9
21015,24.7
21017,33.8
21019,30.4
21021,28.7
21023,29.6
21025,33.2
21027,38.5
21029,33.2
21031,36.5
21033,33.4
21035,22.7
21037,24.5
21039,30.8
21041,30.2
21043,34.2
21045,33.2
21047,30.7
21049,28.9
21051,30.5
21053,31.7
21055,31.3
21057,33.5
21059,25.2
21061,33.4
21063,36.4
21065,31.9
21067,20.5
21069,32.8
21071,37.3
21073,28.5
21075,31.4
21077,37.3
21079,31.4
21081,28.1
21083,29.0
21085,34.1
21087,31.3
21089,32.1
21091,26.5
21093,27.8
21095,40.1
21097,29.1
21099,33.6
21101,29.2
21103,33.1
21105,31.8
21107,29.4
21109,33.9
21111,25.6
21113,28.5
21115,35.1
21117,23.8
21119,37.6
21121,34.1
21123,30.0
21125,31.2
21127,35.9
21129,36.8
21131,35.2
21133,34.6
21135,35.4
21137,32.8
21139,29.1
21141,37.6
21143,31.0
21145,27.6
21147,28.4
21149,31.5
21151,28.2
21153,34.2
21155,25.4
21157,29.3
21159,32.7
21161,30.4
21163,29.4
21165,28.7
21167,29.8
21169,35.4
21171,27.8
21173,29.8
21175,33.3
21177,32.5
21179,29.7
21181,33.7
21183,34.1
21185,22.5
21187,36.0
21189,30.7
21191,31.8
21193,36.0
21195,34.5
21197,30.0
21199,31.8
21201,32.5
21203,33.8
21205,29.5
21207,35.4
21209,23.7
21211,30.2
21213,31.7
21215,30.0
21217,34.6
21219,34.3
21221,29.8
21223,28.1
21225,29.0
21227,26.8
21229,34.8
21231,35.3
21233,29.6
21235,33.8
21237,33.7
21239,30.0
22001,37.8
22003,33.8
22005,27.6
22007,29.3
22009,35.5
22011,29.6
22013,35.7
22015,26.6
22017,31.4
22019,32.7
22021,34.8
22023,28.2
22025,33.3
22027,32.1
22029,36.9
22031,34.3
22033,25.4
22035,36.6
22037,32.9
22039,32.7
22041,37.0
22043,30.4
22045,34.1
22047,32.1
22049,34.6
22051,31.1
22053,34.3
22055,25.5
22057,34.1
22059,29.3
22061,26.8
22063,29.2
22065,32.2
22067,36.4
22069,30.4
22071,26.0
22073,32.9
22075,32.0
22077,31.6
22079,32.3
22081,37.0
22083,35.4
22085,32.8
22087,37.2
22089,32.5
22091,34.4
22093,32.4
22095,32.2
22097,34.4
22099,30.9
22101,33.6
22103,24.5
22105,33.7
22107,37.3
22109,34.1
22111,32.9
22113,32.8
22115,29.4
22117,34.0
22119,35.7
22121,29.8
22123,34.4
22125,27.5
22127,33.2
23001,24.3
23003,27.7
23005,15.9
23007,21.5
23009,19.3
23011,21.4
23013,18.9
23015,20.5
23017,23.2
23019,24.5
23021,26.2
23023,19.8
23025,28.3
23027,24.7
23029,28.3
23031,19.9
24001,29.1
24003,22.5
24005,25.4
24009,22.7
24011,30.8
24013,21.7
24015,25.9
24017,22.6
24019,31.4
24021,19.8
24023,30.0
24025,22.6
24027,18.3
24029,25.6
24031,17.5
24033,23.5
24035,22.9
24037,24.0
24039,31.1
24041,21.5
24043,26.8
24045,27.5
24047,26.9
24510,29.2
25001,17.2
25003,19.8
25005,26.6
25007,20.0
25009,20.6
25011,17.8
25013,26.1
25015,16.1
25017,21.3
25019,17.8
25021,19.3
25023,24.7
25025,19.5
25027,22.6
26001,26.1
26003,23.7
26005,22.5
26007,22.3
26009,25.1
26011,23.9
26013,21.8
26015,21.8
26017,23.6
26019,20.8
26021,28.4
26023,26.2
26025,26.8
26027,23.7
26029,20.5
26031,26.9
26033,27.5
26035,29.8
26037,20.7
26039,24.4
26041,23.8
26043,20.4
26045,25.3
26047,18.1
26049,27.3
26051,30.1
26053,23.7
26055,21.1
26057,31.1
26059,25.3
26061,22.2
26063,28.2
26065,19.0
26067,21.1
26069,24.0
26071,19.5
26073,21.6
26075,21.2
26077,19.0
26079,23.4
26081,20.0
26083,22.5
26085,22.2
26087,22.7
26089,21.5
26091,25.3
26093,19.0
26095,24.1
26097,24.1
26099,22.8
26101,21.3
26103,17.2
26105,23.6
26107,25.8
26109,29.4
26111,22.8
26113,26.2
26115,21.8
26117,24.6
26119,25.8
26121,25.4
26123,22.8
26125,19.6
26127,21.5
26129,28.6
26131,24.2
26133,27.8
26135,22.5
26137,24.3
26139,19.4
26141,29.6
26143,24.5
26145,23.9
26147,24.1
26149,28.9
26151,22.2
26153,25.2
26155,20.7
26157,30.1
26159,26.1
26161,16.1
26163,25.9
26165,22.5
27001,28.7
27003,19.4
27005,24.6
27007,22.9
27009,21.7
27011,22.1
27013,18.9
27015,21.4
27017,19.5
27019,16.4
27021,23.8
27023,32.6
27025,23.0
27027,22.6
27029,23.7
27031,19.6
27033,31.5
27035,20.5
27037,16.8
27039,18.3
27041,22.2
27043,25.6
27045,20.8
27047,27.1
27049,22.2
27051,26.7
27053,16.8
27055,24.6
27057,22.7
27059,20.0
27061,23.3
27063,19.7
27065,23.1
27067,22.7
27069,28.5
27071,27.0
27073,26.8
27075,19.7
27077,25.5
27079,19.2
27081,24.8
27083,16.6
27085,21.0
27087,28.5
27089,25.4
27091,29.2
27093,24.7
27095,26.3
27097,23.4
27099,25.9
27101,23.4
27103,17.0
27105,28.4
27107,31.3
27109,19.7
27111,22.3
27113,21.7
27115,26.0
27117,25.4
27119,24.6
27121,27.6
27123,18.4
27125,23.8
27127,23.5
27129,22.6
27131,21.8
27133,21.7
27135,26.0
27137,18.9
27139,16.5
27141,22.2
27143,27.6
27145,20.8
27147,19.4
27149,21.5
27151,27.6
27153,26.2
27155,25.9
27157,18.9
27159,21.0
27161,22.8
27163,17.5
27165,25.0
27167,25.5
27169,21.3
27171,18.8
27173,22.4
28001,29.4
28003,38.3
28005,35.2
28007,36.7
28009,34.5
28011,35.2
28013,33.2
28015,36.3
28017,35.2
28019,35.1
28021,37.2
28023,37.0
28025,38.9
28027,37.5
28029,36.9
28031,35.9
28033,31.8
28035,32.1
28037,33.8
28039,33.8
28041,32.9
28043,36.0
28045,31.7
28047,30.0
28049,32.7
28051,37.6
28053,38.0
28055,34.6
28057,38.1
28059,30.0
28061,35.9
28063,37.0
28065,36.1
28067,36.1
28069,33.4
28071,28.8
28073,27.5
28075,35.1
28077,35.1
28079,35.5
28081,33.8
28083,35.7
28085,33.8
28087,30.3
28089,29.4
28091,35.5
28093,38.8
28095,37.1
28097,34.2
28099,35.1
28101,35.8
28103,39.7
28105,26.5
28107,38.9
28109,31.0
28111,37.0
28113,33.4
28115,35.8
28117,37.6
28119,35.3
28121,28.8
28123,34.3
28125,38.0
28127,39.2
28129,36.8
28131,30.9
28133,36.4
28135,34.9
28137,36.5
28139,36.7
28141,34.4
28143,39.2
28145,34.4
28147,35.6
28149,36.5
28151,38.5
28153,37.2
28155,34.3
28157,38.9
28159,40.9
28161,35.7
28163,36.3
29001,27.6
29003,31.9
29005,33.5
29007,27.4
29009,31.3
29011,30.5
29013,31.6
29015,31.9
29017,34.3
29019,19.5
29021,28.0
29023,29.1
29025,32.0
29027,31.0
29029,24.2
29031,29.9
29033,29.6
29035,30.5
29037,28.0
29039,32.3
29041,31.4
29043,24.1
29045,30.9
29047,23.7
29049,26.6
29051,22.9
29053,25.5
29055,28.2
29057,33.3
29059,29.2
29061,30.3
29063,32.8
29065,34.1
29067,33.0
29069,32.8
29071,32.1
29073,32.6
29075,28.7
29077,22.2
29079,30.9
29081,30.2
29083,30.0
29085,31.4
29087,30.3
29089,28.4
29091,29.8
29093,31.8
29095,24.4
29097,27.4
29099,31.0
29101,25.5
29103,25.2
29105,32.1
29107,32.2
29109,24.8
29111,34.8
29113,30.3
29115,29.7
29117,29.3
29119,33.6
29121,31.5
29123,33.1
29125,30.6
29127,29.8
29129,27.4
29131,28.8
29133,35.9
29135,26.3
29137,29.7
29139,30.0
29141,26.5
29143,37.6
29145,28.4
29147,29.8
29149,30.1
29151,25.8
29153,33.9
29155,29.6
29157,26.4
29159,31.4
29161,31.0
29163,30.1
29165,22.0
29167,28.8
29169,29.1
29171,35.3
29173,28.6
29175,27.1
29177,32.7
29179,34.7
29181,31.0
29183,21.1
29185,34.4
29186,28.6
29187,32.3
29189,23.4
29195,29.0
29197,29.8
29199,30.9
29201,34.0
29203,28.6
29205,27.9
29207,32.1
29209,28.1
29211,31.9
29213,30.8
29215,33.5
29217,26.9
29219,31.2
29221,33.0
29223,34.9
29225,27.3
29227,29.5
29229,31.0
29510,25.2
30001,23.2
30003,29.2
30005,29.7
30007,26.8
30009,22.8
30011,26.4
30013,26.0
30015,27.9
30017,28.1
30019,25.2
30021,27.0
30023,23.7
30025,31.6
30027,23.2
30029,18.4
30031,14.7
30033,28.8
30035,30.3
30037,27.6
30039,26.9
30041,29.0
30043,22.4
30045,25.7
30047,24.0
30049,18.4
30051,27.8
30053,23.6
30055,32.2
30057,26.2
30059,26.5
30061,23.8
30063,17.0
30065,31.9
30067,19.3
30069,25.0
30071,31.8
30073,27.3
30075,32.9
30077,25.7
30079,27.8
30081,18.8
30083,27.4
30085,31.4
30087,25.2
30089,25.3
30091,31.6
30093,22.6
30095,26.5
30097,23.7
30099,25.6
30101,26.7
30103,29.4
30105,28.1
30107,29.9
30109,30.3
30111,23.5
31001,25.2
31003,27.9
31005,29.4
31007,32.8
31009,26.7
31011,29.4
31013,27.7
31015,29.9
31017,30.7
31019,24.3
31021,35.3
31023,24.3
31025,25.0
31027,28.5
31029,26.6
31031,31.0
31033,25.6
31035,28.4
31037,26.6
31039,25.2
31041,29.3
31043,29.1
31045,28.1
31047,25.1
31049,26.7
31051,31.9
31053,25.2
31055,22.1
31057,29.2
31059,29.1
31061,32.3
31063,27.9
31065,28.3
31067,29.8
31069,30.1
31071,28.3
31073,25.8
31075,31.9
31077,35.1
31079,27.5
31081,22.6
31083,26.5
31085,32.1
31087,28.1
31089,30.7
31091,26.6
31093,32.0
31095,32.3
31097,28.7
31099,25.8
31101,28.8
31103,34.7
31105,30.4
31107,31.5
31109,19.1
31111,25.3
31113,30.3
31115,33.0
31117,32.1
31119,24.5
31121,28.1
31123,26.0
31125,22.6
31127,25.8
31129,31.0
31131,30.1
31133,30.9
31135,23.5
31137,26.8
31139,30.1
31141,25.2
31143,30.0
31145,24.4
31147,32.9
31149,33.1
31151,30.9
31153,20.4
31155,27.2
31157,25.2
31159,23.4
31161,31.8
31163,30.4
31165,31.4
31167,24.9
31169,30.1
31171,31.3
31173,30.4
31175,25.8
31177,21.6
31179,26.3
31181,33.0
31183,28.6
31185,24.7
32001,24.3
32003,21.7
32005,16.0
32007,20.9
32009,23.9
32011,23.3
32013,20.5
32015,22.3
32017,21.7
32019,27.6
32021,26.6
32023,29.4
32027,23.1
32029,23.9
32031,16.1
32033,26.0
32510,17.4
33001,22.3
33003,19.1
33005,20.1
33007,25.9
33009,18.3
33011,21.6
33013,19.7
33015,19.6
33017,22.7
33019,22.8
34001,26.0
34003,23.3
34005,23.5
34007,27.3
34009,23.2
34011,27.7
34013,26.9
34015,25.3
34017,25.0
34019,17.9
34021,22.4
34023,24.4
34025,19.9
34027,19.9
34029,26.7
34031,24.5
34033,27.8
34035,20.4
34037,24.9
34039,25.1
34041,24.1
35001,16.9
35003,24.0
35005,25.8
35006,26.3
35007,24.6
35009,28.4
35011,28.6
35013,20.2
35015,24.4
35017,22.2
35019,22.7
35021,30.3
35023,26.9
35025,33.0
35027,24.8
35028,14.5
35029,25.3
35031,23.1
35033,25.5
35035,23.2
35037,28.2
35039,21.8
35041,25.1
35043,18.5
35045,24.3
35047,19.5
35049,12.0
35051,24.1
35053,23.4
35055,16.0
35057,25.4
35059,26.9
35061,23.6
36001,22.0
36003,22.4
36005,29.2
36007,24.3
36009,27.9
36011,22.5
36013,26.1
36015,24.6
36017,27.2
36019,26.8
36021,24.8
36023,21.3
36025,25.0
36027,21.0
36029,22.7
36031,27.3
36033,25.8
36035,24.7
36037,25.8
36039,25.3
36041,25.2
36043,22.9
36045,26.6
36047,25.5
36049,22.4
36051,23.6
36053,25.7
36055,21.4
36057,21.2
36059,25.8
36061,17.6
36063,21.8
36065,28.4
36067,24.6
36069,17.4
36071,24.0
36073,24.3
36075,26.8
36077,20.5
36079,22.0
36081,28.1
36083,23.1
36085,31.4
36087,24.4
36089,24.6
36091,22.8
36093,22.9
36095,25.7
36097,27.1
36099,25.3
36101,23.3
36103,21.9
36105,22.8
36107,26.6
36109,25.3
36111,19.2
36113,21.0
36115,24.1
36117,26.3
36119,19.7
36121,24.3
36123,23.7
37001,25.6
37003,26.0
37005,32.6
37007,30.1
37009,26.8
37011,24.4
37013,29.3
37015,32.7
37017,32.6
37019,20.5
37021,20.5
37023,30.3
37025,23.6
37027,28.0
37029,24.0
37031,26.0
37033,31.9
37035,30.0
37037,22.5
37039,29.6
37041,28.1
37043,31.6
37045,30.4
37047,28.2
37049,28.7
37051,26.9
37053,24.5
37055,26.9
37057,31.3
37059,26.7
37061,32.2
37063,20.9
37065,33.0
37067,24.3
37069,28.6
37071,29.6
37073,31.2
37075,26.3
37077,28.8
37079,28.9
37081,22.8
37083,34.8
37085,28.4
37087,23.9
37089,24.3
37091,32.6
37093,29.8
37095,28.9
37097,22.9
37099,27.7
37101,24.1
37103,28.5
37105,24.7
37107,32.6
37109,27.9
37111,30.5
37113,27.6
37115,27.8
37117,31.5
37119,20.6
37121,29.8
37123,28.0
37125,24.4
37127,30.7
37129,21.0
37131,33.6
37133,22.5
37135,15.1
37137,27.0
37139,27.7
37141,26.3
37143,26.4
37145,27.3
37147,25.5
37149,26.4
37151,30.8
37153,32.1
37155,34.0
37157,31.2
37159,30.5
37161,29.1
37163,32.0
37165,26.5
37167,32.4
37169,31.3
37171,31.7
37173,28.9
37175,22.7
37177,27.3
37179,18.7
37181,32.6
37183,18.3
37185,29.9
37187,29.1
37189,21.9
37191,26.5
37193,29.3
37195,31.3
37197,25.8
37199,24.7
38001,32.3
38003,25.0
38005,32.3
38007,31.7
38009,27.5
38011,30.3
38013,31.2
38015,21.0
38017,20.6
38019,29.6
38021,26.4
38023,35.5
38025,36.4
38027,29.0
38029,36.8
38031,33.7
38033,32.5
38035,22.1
38037,32.3
38039,30.4
38041,30.1
38043,28.9
38045,28.7
38047,29.3
38049,28.8
38051,32.3
38053,31.9
38055,28.7
38057,25.6
38059,26.1
38061,34.1
38063,27.8
38065,27.8
38067,28.6
38069,28.3
38071,24.0
38073,30.3
38075,31.2
38077,26.2
38079,34.1
38081,33.0
38083,33.0
38085,31.0
38087,28.8
38089,26.3
38091,28.5
38093,28.9
38095,29.0
38097,25.5
38099,31.6
38101,26.5
38103,33.0
38105,29.9
39001,29.9
39003,31.6
39005,28.6
39007,26.2
39009,25.7
39011,28.7
39013,32.7
39015,35.0
39017,25.1
39019,27.3
39021,29.3
39023,28.3
39025,26.1
39027,33.5
39029,30.9
39031,28.4
39033,31.4
39035,25.6
39037,34.4
39039,29.6
39041,20.3
39043,25.3
39045,27.2
39047,30.9
39049,23.1
39051,27.3
39053,32.2
39055,26.6
39057,27.2
39059,34.2
39061,23.2
39063,22.6
39065,32.1
39067,29.4
39069,25.9
39071,28.5
39073,28.5
39075,27.2
39077,33.3
39079,36.2
39081,28.5
39083,23.4
39085,25.4
39087,37.3
39089,28.9
39091,28.2
39093,22.5
39095,26.7
39097,28.9
39099,28.6
39101,32.8
39103,24.1
39105,33.0
39107,28.5
39109,26.9
39111,36.1
39113,25.6
39115,27.6
39117,30.0
39119,34.7
39121,34.6
39123,30.4
39125,25.8
39127,31.2
39129,31.1
39131,26.0
39133,23.9
39135,28.0
39137,26.6
39139,29.3
39141,30.9
39143,33.0
39145,30.0
39147,27.0
39149,26.1
39151,25.8
39153,24.0
39155,29.4
39157,32.9
39159,27.2
39161,33.4
39163,30.4
39165,23.7
39167,33.9
39169,25.8
39171,30.0
39173,23.3
39175,29.5
40001,38.3
40003,39.9
40005,29.8
40007,31.1
40009,30.5
40011,35.7
40013,31.9
40015,36.9
40017,29.4
40019,31.9
40021,27.9
40023,34.8
40025,34.7
40027,25.4
40029,35.7
40031,30.4
40033,36.3
40035,31.5
40037,35.3
40039,29.5
40041,33.3
40043,35.7
40045,37.2
40047,32.6
40049,34.6
40051,29.3
40053,41.1
40055,32.8
40057,36.4
40059,35.6
40061,38.2
40063,34.9
40065,33.6
40067,33.5
40069,36.3
40071,30.2
40073,29.0
40075,33.1
40077,34.0
40079,32.7
40081,38.7
40083,29.7
40085,33.2
40087,27.8
40089,37.4
40091,38.2
40093,32.4
40095,38.2
40097,35.3
40099,33.4
40101,31.1
40103,32.2
40105,29.8
40107,27.8
40109,28.8
40111,34.8
40113,31.4
40115,34.4
40117,36.1
40119,26.3
40121,36.3
40123,33.6
40125,29.9
40127,33.3
40129,37.3
40131,30.0
40133,38.7
40135,34.1
40137,35.4
40139,29.1
40141,36.2
40143,28.7
40145,31.3
40147,28.7
40149,33.8
40151,36.7
40153,29.0
41001,23.3
41003,13.2
41005,15.2
41007,16.6
41009,19.4
41011,20.2
41013,18.8
41015,18.9
41017,14.6
41019,19.3
41021,18.5
41023,19.2
41025,19.8
41027,16.8
41029,19.0
41031,19.0
41033,20.3
41035,19.5
41037,18.6
41039,15.5
41041,17.6
41043,20.4
41045,20.2
41047,16.4
41049,19.8
41051,13.2
41053,17.7
41055,20.5
41057,19.0
41059,21.0
41061,18.7
41063,19.5
41065,17.7
41067,13.7
41069,20.6
41071,18.0
42001,23.5
42003,22.8
42005,28.8
42007,28.1
42009,28.3
42011,24.5
42013,29.0
42015,25.3
42017,22.0
42019,22.1
42021,25.8
42023,26.6
42025,26.3
42027,18.5
42029,17.4
42031,26.2
42033,26.7
42035,25.4
42037,25.0
42039,29.1
42041,18.1
42043,23.8
42045,21.0
42047,27.2
42049,26.1
42051,34.0
42053,22.5
42055,27.4
42057,27.0
42059,30.7
42061,26.5
42063,27.8
42065,30.2
42067,26.0
42069,24.6
42071,21.4
42073,24.6
42075,22.2
42077,22.3
42079,30.2
42081,25.0
42083,26.1
42085,27.2
42087,27.1
42089,24.8
42091,18.8
42093,23.8
42095,25.7
42097,28.2
42099,28.9
42101,26.3
42103,22.1
42105,30.2
42107,28.6
42109,24.6
42111,29.3
42113,32.1
42115,24.3
42117,27.0
42119,26.4
42121,25.6
42123,21.7
42125,26.7
42127,23.7
42129,25.2
42131,25.7
42133,23.1
44001,22.4
44003,22.7
44005,18.7
44007,26.2
44009,19.6
45001,29.5
45003,25.7
45005,33.6
45007,30.1
45009,34.4
45011,31.0
45013,15.7
45015,25.0
45017,29.6
45019,20.5
45021,34.1
45023,29.7
45025,29.8
45027,28.4
45029,30.6
45031,31.8
45033,36.0
45035,22.3
45037,26.9
45039,28.6
45041,27.3
45043,26.9
45045,23.4
45047,25.1
45049,32.5
45051,23.4
45053,27.2
45055,29.4
45057,23.9
45059,33.0
45061,30.7
45063,25.8
45065,31.9
45067,31.2
45069,32.7
45071,26.2
45073,24.4
45075,27.5
45077,23.0
45079,22.1
45081,28.2
45083,26.5
45085,29.8
45087,34.2
45089,33.8
45091,21.6
46003,31.4
46005,26.3
46007,26.9
46009,26.6
46011,19.6
46013,22.9
46015,24.3
46017,31.4
46019,24.1
46021,30.1
46023,25.8
46025,26.7
46027,22.3
46029,23.1
46031,29.2
46033,23.4
46035,24.1
46037,25.9
46039,30.4
46041,30.7
46043,25.8
46045,26.0
46047,24.6
46049,30.8
46051,30.3
46053,29.7
46055,27.7
46057,24.1
46059,29.0
46061,26.0
46063,27.8
46065,21.9
46067,31.4
46069,28.7
46071,29.5
46073,28.2
46075,28.0
46077,28.6
46079,24.9
46081,22.6
46083,21.9
46085,23.9
46087,27.9
46089,27.7
46091,27.4
46093,25.3
46095,29.7
46097,27.0
46099,23.0
46101,26.2
46103,21.4
46105,32.5
46107,31.8
46109,25.4
46111,28.3
46115,25.1
46117,26.7
46119,28.5
46121,28.5
46123,26.4
46125,33.5
46127,24.9
46129,29.7
46135,20.9
46137,27.9
47001,34.3
47003,39.7
47005,39.7
47007,38.6
47009,34.5
47011,36.8
47013,33.6
47015,36.0
47017,37.8
47019,34.2
47021,34.7
47023,29.4
47025,34.6
47027,35.3
47029,39.6
47031,39.2
47033,36.4
47035,32.2
47037,25.8
47039,39.2
47041,40.4
47043,39.8
47045,38.0
47047,34.0
47049,36.7
47051,33.5
47053,34.1
47055,32.1
47057,39.0
47059,38.4
47061,40.5
47063,32.2
47065,30.0
47067,39.3
47069,37.5
47071,35.0
47073,37.0
47075,37.9
47077,38.4
47079,39.1
47081,38.4
47083,35.8
47085,35.3
47087,38.7
47089,33.0
47091,35.5
47093,29.7
47095,32.9
47097,37.1
47099,37.4
47101,35.8
47103,37.2
47105,29.9
47107,38.7
47109,38.1
47111,35.3
47113,31.0
47115,37.2
47117,36.7
47119,32.5
47121,34.1
47123,36.3
47125,29.3
47127,34.9
47129,38.2
47131,38.8
47133,39.9
47135,35.5
47137,37.9
47139,35.7
47141,32.2
47143,40.2
47145,40.5
47147,33.6
47149,27.4
47151,41.7
47153,35.6
47155,40.1
47157,30.2
47159,34.8
47161,38.6
47163,36.3
47165,29.4
47167,39.1
47169,38.4
47171,35.2
47173,38.2
47175,37.0
47177,31.8
47179,32.6
47181,36.6
47183,35.3
47185,37.1
47187,23.3
47189,32.8
48001,26.5
48003,25.8
48005,27.2
48007,28.4
48009,29.1
48011,28.6
48013,26.8
48015,27.0
48017,28.1
48019,27.5
48021,29.0
48023,25.8
48025,25.0
48027,24.4
48029,20.6
48031,24.0
48033,28.7
48035,30.1
48037,30.1
48039,25.2
48041,22.1
48043,23.6
48045,28.9
48047,29.2
48049,30.6
48051,30.3
48053,27.0
48055,26.9
48057,26.0
48059,28.2
48061,22.0
48063,28.4
48065,30.7
48067,27.4
48069,26.5
48071,27.3
48073,32.6
48075,30.0
48077,31.8
48079,29.3
48081,29.9
48083,30.4
48085,20.1
48087,28.9
48089,28.3
48091,23.1
48093,29.4
48095,28.4
48097,25.8
48099,23.0
48101,29.3
48103,25.7
48105,28.6
48107,27.4
48109,28.5
48111,26.0
48113,24.8
48115,25.7
48117,29.2
48119,31.6
48121,21.4
48123,32.6
48125,30.6
48127,27.3
48129,27.3
48131,29.1
48133,31.9
48135,31.3
48137,27.9
48139,25.2
48141,23.9
48143,24.3
48145,32.3
48147,30.8
48149,30.1
48151,28.5
48153,28.3
48155,29.4
48157,21.2
48159,30.8
48161,27.2
48163,25.2
48165,25.8
48167,27.2
48169,27.0
48171,28.3
48173,25.3
48175,29.5
48177,31.1
48179,29.6
48181,27.5
48183,28.6
48185,29.9
48187,23.8
48189,30.1
48191,31.4
48193,30.2
48195,28.2
48197,28.2
48199,32.7
48201,21.2
48203,29.6
48205,27.7
48207,28.3
48209,19.1
48211,29.5
48213,31.7
48215,24.9
48217,23.9
48219,26.2
48221,26.3
48223,29.6
48225,32.4
48227,27.2
48229,26.0
48231,27.7
48233,29.8
48235,28.9
48237,25.2
48239,28.3
48241,31.2
48243,26.1
48245,30.0
48247,28.2
48249,28.1
48251,25.7
48253,28.8
48255,30.5
48257,29.2
48259,22.2
48261,27.5
48263,30.4
48265,29.9
48267,27.0
48269,30.1
48271,29.3
48273,27.1
48275,28.0
48277,32.6
48279,27.0
48281,28.1
48283,26.3
48285,30.9
48287,30.9
48289,31.8
48291,27.6
48293,32.4
48295,27.5
48297,32.2
48299,27.4
48301,25.3
48303,23.7
48305,29.6
48307,28.9
48309,28.3
48311,29.0
48313,29.0
48315,33.4
48317,30.0
48319,28.9
48321,26.9
48323,28.0
48325,27.5
48327,31.0
48329,25.6
48331,27.2
48333,27.1
48335,26.9
48337,25.4
48339,23.1
48341,27.7
48343,30.2
48345,30.7
48347,25.5
48349,27.7
48351,31.1
48353,29.1
48355,27.8
48357,28.9
48359,26.7
48361,29.4
48363,30.9
48365,29.5
48367,31.6
48369,28.0
48371,27.2
48373,29.7
48375,32.4
48377,29.6
48379,28.6
48381,28.0
48383,26.0
48385,29.1
48387,31.4
48389,28.7
48391,28.2
48393,28.3
48395,27.9
48397,28.8
48399,28.3
48401,26.7
48403,30.3
48405,29.5
48407,30.6
48409,30.4
48411,29.0
48413,27.3
48415,33.3
48417,29.9
48419,27.8
48421,27.9
48423,27.6
48425,30.0
48427,24.4
48429,26.8
48431,28.2
48433,30.1
48435,25.8
48437,30.2
48439,25.9
48441,23.8
48443,29.7
48445,28.4
48447,29.2
48449,27.2
48451,30.0
48453,15.5
48455,30.1
48457,30.8
48459,28.7
48461,27.6
48463,29.1
48465,28.4
48467,35.2
48469,28.3
48471,28.2
48473,26.8
48475,27.8
48477,26.8
48479,27.0
48481,28.7
48483,29.5
48485,29.4
48487,28.9
48489,26.9
48491,18.2
48493,28.0
48495,26.7
48497,24.4
48499,29.2
48501,28.3
48503,29.1
48505,27.6
48507,28.4
49001,29.7
49003,20.6
49005,15.6
49007,24.0
49009,23.8
49011,16.3
49013,24.3
49015,25.5
49017,24.8
49019,17.4
49021,19.3
49023,22.2
49025,23.3
49027,27.4
49029,18.3
49031,20.6
49033,19.7
49035,16.9
49037,25.7
49039,23.1
49041,25.1
49043,11.9
49045,21.2
49047,23.5
49049,15.2
49051,15.2
49053,18.0
49055,21.5
49057,18.1
50001,18.4
50003,20.0
50005,20.7
50007,15.2
50009,26.5
50011,24.9
50013,18.7
50015,18.1
50017,21.1
50019,24.8
50021,21.3
50023,17.9
50025,19.3
50027,18.5
51001,29.8
51003,20.4
51005,26.5
51007,27.4
51009,30.1
51011,26.3
51013,13.6
51015,24.0
51017,29.4
51019,23.4
51021,27.6
51023,23.7
51025,29.0
51027,29.6
51029,32.5
51031,29.1
51033,21.9
51035,25.5
51036,29.9
51037,28.1
51041,19.9
51043,22.7
51045,24.1
51047,25.1
51049,24.4
51051,27.8
51053,29.2
51057,29.9
51059,15.4
51061,23.7
51063,23.4
51065,23.3
51067,23.3
51069,23.9
51071,29.9
51073,23.7
51075,25.3
51077,33.9
51079,24.9
51081,29.3
51083,29.9
51085,21.9
51087,22.3
51089,35.7
51091,25.4
51093,25.9
51095,23.5
51097,28.3
51099,24.8
51101,28.6
51103,26.3
51105,28.6
51107,19.5
51109,27.6
51111,28.2
51113,25.7
51115,23.4
51117,27.2
51119,22.8
51121,18.7
51125,20.6
51127,23.4
51131,30.5
51133,24.5
51135,30.9
51137,28.1
51139,24.5
51141,27.4
51143,29.9
51145,25.2
51147,25.1
51149,25.8
51153,18.1
51155,26.0
51157,24.8
51159,24.6
51161,25.4
51163,28.4
51165,24.3
51167,28.6
51169,31.3
51171,21.0
51173,27.2
51175,32.8
51177,25.3
51179,22.0
51181,29.2
51183,27.3
51185,31.3
51187,20.3
51191,28.4
51193,30.0
51195,37.4
51197,27.3
51199,22.3
51510,15.8
51520,24.8
51530,24.2
51540,18.9
51550,21.7
51570,26.0
51580,26.3
51590,29.5
51595,29.7
51600,19.0
51610,22.3
51620,27.9
51630,22.5
51640,26.4
51650,25.3
51660,19.4
51670,27.3
51678,22.7
51680,22.0
51683,21.8
51685,24.1
51690,28.4
51700,27.0
51710,24.8
51720,23.7
51730,28.3
51735,23.2
51740,28.4
51750,21.3
51760,22.4
51770,25.7
51775,23.4
51790,25.7
51800,25.0
51810,20.1
51820,22.5
51830,23.9
51840,24.4
53001,24.6
53003,23.6
53005,18.1
53007,17.4
53009,19.5
53011,18.5
53013,25.1
53015,22.0
53017,19.7
53019,19.5
53021,19.1
53023,29.7
53025,28.8
53027,27.6
53029,18.0
53031,15.0
53033,14.7
53035,19.1
53037,16.4
53039,21.9
53041,22.4
53043,27.3
53045,23.9
53047,26.0
53049,27.3
53051,21.1
53053,20.4
53055,14.3
53057,19.0
53059,22.6
53061,19.2
53063,18.9
53065,22.8
53067,17.2
53069,24.0
53071,19.6
53073,16.3
53075,16.0
53077,24.3
54001,36.0
54003,27.7
54005,35.4
54007,33.9
54009,32.7
54011,32.4
54013,34.9
54015,39.8
54017,34.9
54019,36.2
54021,30.0
54023,38.4
54025,33.5
54027,31.4
54029,33.9
54031,37.1
54033,32.3
54035,30.7
54037,28.2
54039,30.1
54041,32.4
54043,40.3
54045,36.9
54047,38.3
54049,30.0
54051,27.5
54053,37.8
54055,33.7
54057,26.1
54059,40.7
54061,25.9
54063,34.0
54065,31.0
54067,39.0
54069,21.8
54071,30.3
54073,31.5
54075,28.1
54077,34.9
54079,28.5
54081,33.5
54083,29.6
54085,33.8
54087,34.9
54089,35.7
54091,36.3
54093,36.6
54095,37.3
54097,29.3
54099,36.9
54101,35.6
54103,34.8
54105,33.7
54107,31.8
54109,37.5
55001,25.0
55003,22.8
55005,24.8
55007,21.1
55009,20.7
55011,25.7
55013,25.8
55015,22.9
55017,19.7
55019,21.1
55021,23.0
55023,21.7
55025,15.3
55027,23.1
55029,22.0
55031,25.3
55033,21.6
55035,21.3
55037,25.4
55039,23.8
55041,24.7
55043,23.3
55045,23.7
55047,22.6
55049,21.5
55051,20.9
55053,22.5
55055,16.8
55057,29.4
55059,22.6
55061,29.6
55063,21.1
55065,18.0
55067,23.0
55069,23.4
55071,21.9
55073,24.7
55075,24.4
55077,25.0
55078,30.5
55079,22.5
55081,26.7
55083,25.2
55085,23.7
55087,20.3
55089,20.6
55091,26.1
55093,23.0
55095,21.2
55097,20.3
55099,18.7
55101,23.3
55103,19.0
55105,23.8
55107,28.4
55109,22.5
55111,27.0
55113,26.6
55115,23.7
55117,24.0
55119,26.8
55121,24.2
55123,26.6
55125,19.6
55127,25.7
55129,25.0
55131,20.4
55133,16.9
55135,24.9
55137,27.3
55139,23.4
55141,23.0
56001,16.9
56003,23.0
56005,25.4
56007,28.4
56009,28.2
56011,29.3
56013,25.1
56015,27.0
56017,25.8
56019,23.6
56021,22.7
56023,23.0
56025,23.4
56027,27.4
56029,22.9
56031,26.8
56033,21.9
56035,18.9
56037,25.5
56039,10.6
56041,25.1
56043,22.1
56045,25.1
