fips_code,liquor_store_count
01001,2.0
01003,25.0
01005,2.0
01007,2.0
01009,3.0
01011,1.0
01013,2.0
01015,5.0
01017,2.0
01019,3.0
01021,3.0
01023,1.0
01025,2.0
01027,3.0
01029,1.0
01031,3.0
01033,10.0
01035,2.0
01037,3.0
01039,3.0
01041,1.0
01043,4.0
01045,3.0
01047,2.0
01049,2.0
01051,3.0
01053,2.0
01055,8.0
01057,1.0
01059,3.0
01061,2.0
01063,1.0
01065,1.0
01067,2.0
01069,8.0
01071,5.0
01073,56.0
01075,1.0
01077,12.0
01079,3.0
01081,7.0
01083,3.0
01085,3.0
01087,1.0
01089,30.0
01091,2.0
01093,2.0
01095,12.0
01097,39.0
01099,2.0
01101,18.0
01103,8.0
01105,1.0
01107,3.0
01109,3.0
01111,1.0
01113,1.0
01115,6.0
01117,16.0
01119,2.0
01121,4.0
01123,3.0
01125,12.0
01127,5.0
01129,3.0
01131,3.0
01133,3.0
02013,3.0
02016,1.0
02020,37.0
02050,3.0
02060,2.0
02068,1.0
02070,1.0
02090,7.0
02100,2.0
02105,2.0
02110,5.0
02122,13.0
02130,3.0
02150,1.0
02164,3.0
02170,11.0
02180,2.0
02185,3.0
02188,3.0
02195,3.0
02198,1.0
02220,2.0
02230,1.0
02240,2.0
02261,2.0
02275,1.0
02282,1.0
02290,3.0
04001,3.0
04003,6.0
04005,9.0
04007,2.0
04009,1.0
04011,3.0
04012,1.0
04013,120.0
04015,2.0
04017,3.0
04019,30.0
04021,8.0
04023,2.0
04025,13.0
04027,11.0
05001,4.0
05003,1.0
05005,12.0
05007,1.0
05009,4.0
05011,3.0
05013,2.0
05015,6.0
05017,2.0
05019,4.0
05021,3.0
05023,3.0
05025,2.0
05027,3.0
05029,12.0
05031,3.0
05033,1.0
05035,4.0
05037,2.0
05039,2.0
05041,5.0
05043,2.0
05045,3.0
05047,10.0
05049,3.0
05051,27.0
05053,3.0
05055,5.0
05057,2.0
05059,3.0
05061,3.0
05063,3.0
05065,3.0
05067,5.0
05069,15.0
05071,3.0
05073,3.0
05075,3.0
05077,3.0
05079,3.0
05081,3.0
05083,1.0
05085,3.0
05087,3.0
05089,3.0
05091,17.0
05093,4.0
05095,2.0
05097,3.0
05099,3.0
05101,3.0
05103,5.0
05105,1.0
05107,3.0
05109,3.0
05111,6.0
05113,1.0
05115,1.0
05117,3.0
05119,78.0
05121,3.0
05123,5.0
05125,1.0
05127,3.0
05129,1.0
05131,18.0
05133,3.0
05135,3.0
05137,3.0
05139,7.0
05141,3.0
05143,25.0
05145,1.0
05147,2.0
05149,3.0
06001,181.0
06003,3.0
06005,4.0
06007,22.0
06009,2.0
06011,1.0
06013,65.0
06015,3.0
06017,18.0
06019,89.0
06021,1.0
06023,12.0
06025,7.0
06027,3.0
06029,45.0
06031,6.0
06033,6.0
06035,3.0
06037,1120.0
06039,13.0
06041,22.0
06043,2.0
06045,12.0
06047,16.0
06049,3.0
06051,1.0
06053,43.0
06055,50.0
06057,9.0
06059,278.0
06061,18.0
06063,1.0
06065,129.0
06067,115.0
06069,6.0
06071,222.0
06073,351.0
06075,109.0
06077,51.0
06079,55.0
06081,53.0
06083,81.0
06085,168.0
06087,37.0
06089,9.0
06091,3.0
06093,5.0
06095,28.0
06097,65.0
06099,40.0
06101,3.0
06103,1.0
06105,3.0
06107,20.0
06109,1.0
06111,122.0
06113,7.0
06115,8.0
08001,97.0
08003,5.0
08005,113.0
08007,5.0
08009,3.0
08011,1.0
08013,67.0
08014,11.0
08015,9.0
08017,3.0
08019,2.0
08021,1.0
08023,3.0
08025,3.0
08027,2.0
08029,11.0
08031,185.0
08033,1.0
08035,41.0
08037,27.0
08039,1.0
08041,118.0
08043,11.0
08045,22.0
08047,3.0
08049,10.0
08051,11.0
08053,1.0
08055,3.0
08057,1.0
08059,141.0
08061,3.0
08063,3.0
08065,1.0
08067,20.0
08069,67.0
08071,5.0
08073,1.0
08075,3.0
08077,33.0
08079,3.0
08081,7.0
08083,9.0
08085,12.0
08087,6.0
08089,4.0
08091,3.0
08093,3.0
08095,3.0
08097,8.0
08099,1.0
08101,37.0
08103,5.0
08105,5.0
08107,11.0
08109,1.0
08111,1.0
08113,4.0
08115,3.0
08117,17.0
08119,9.0
08121,1.0
08123,57.0
08125,5.0
09001,168.0
09003,194.0
09005,50.0
09007,47.0
09009,168.0
09011,68.0
09013,40.0
09015,25.0
10001,39.0
10003,138.0
10005,59.0
11001,183.0
12001,26.0
12003,1.0
12005,23.0
12007,3.0
12009,42.0
12011,121.0
12013,1.0
12015,12.0
12017,10.0
12019,11.0
12021,19.0
12023,5.0
12027,2.0
12029,2.0
12031,54.0
12033,19.0
12035,6.0
12037,4.0
12039,5.0
12041,3.0
12043,1.0
12045,3.0
12047,3.0
12049,3.0
12051,1.0
12053,11.0
12055,3.0
12057,77.0
12059,5.0
12061,10.0
12063,4.0
12065,2.0
12067,3.0
12069,16.0
12071,35.0
12073,18.0
12075,6.0
12077,3.0
12079,3.0
12081,18.0
12083,13.0
12085,10.0
12086,215.0
12087,15.0
12089,4.0
12091,24.0
12093,5.0
12095,76.0
12097,21.0
12099,100.0
12101,32.0
12103,60.0
12105,36.0
12107,4.0
12109,17.0
12111,26.0
12113,8.0
12115,37.0
12117,29.0
12119,3.0
12121,1.0
12123,3.0
12125,1.0
12127,37.0
12129,4.0
12131,10.0
12133,3.0
13001,3.0
13003,1.0
13005,3.0
13007,1.0
13009,6.0
13011,3.0
13013,8.0
13015,7.0
13017,3.0
13019,3.0
13021,27.0
13023,1.0
13025,3.0
13027,3.0
13029,4.0
13031,1.0
13033,1.0
13035,3.0
13037,3.0
13039,4.0
13043,3.0
13045,4.0
13047,1.0
13049,3.0
13051,45.0
13053,3.0
13055,3.0
13057,8.0
13059,14.0
13061,3.0
13063,11.0
13065,3.0
13067,62.0
13069,3.0
13071,4.0
13073,15.0
13075,3.0
13077,3.0
13079,1.0
13081,4.0
13083,3.0
13085,3.0
13087,2.0
13089,89.0
13091,3.0
13093,3.0
13095,14.0
13097,9.0
13099,1.0
13101,3.0
13103,3.0
13105,2.0
13107,2.0
13109,1.0
13111,3.0
13113,9.0
13115,14.0
13117,19.0
13119,4.0
13121,98.0
13123,2.0
13125,3.0
13127,19.0
13129,5.0
13131,2.0
13133,4.0
13135,23.0
13137,1.0
13139,18.0
13141,1.0
13143,1.0
13145,1.0
13147,3.0
13149,3.0
13151,10.0
13153,18.0
13155,1.0
13157,3.0
13159,3.0
13161,3.0
13163,1.0
13165,3.0
13167,2.0
13169,3.0
13171,1.0
13173,2.0
13175,11.0
13177,3.0
13179,4.0
13181,3.0
13183,3.0
13185,10.0
13187,3.0
13189,3.0
13191,3.0
13193,4.0
13195,3.0
13197,1.0
13199,3.0
13201,1.0
13205,1.0
13207,2.0
13209,3.0
13211,3.0
13213,3.0
13215,35.0
13217,6.0
13219,3.0
13221,3.0
13223,4.0
13225,4.0
13227,3.0
13229,1.0
13231,1.0
13233,2.0
13235,3.0
13237,2.0
13239,3.0
13241,3.0
13243,3.0
13245,21.0
13247,6.0
13249,3.0
13251,3.0
13253,2.0
13255,13.0
13257,2.0
13259,3.0
13261,3.0
13263,1.0
13265,3.0
13267,1.0
13269,2.0
13271,2.0
13273,2.0
13275,5.0
13277,3.0
13279,3.0
13281,3.0
13283,3.0
13285,6.0
13287,3.0
13289,3.0
13291,3.0
13293,1.0
13295,2.0
13297,2.0
13299,7.0
13301,3.0
13303,3.0
13305,5.0
13307,3.0
13309,3.0
13311,3.0
13313,8.0
13315,3.0
13317,2.0
13319,3.0
13321,1.0
15001,3.0
15003,43.0
15007,3.0
15009,4.0
16001,24.0
16003,3.0
16005,6.0
16007,3.0
16009,2.0
16011,1.0
16013,3.0
16015,3.0
16017,4.0
16019,5.0
16021,2.0
16023,3.0
16025,3.0
16027,7.0
16029,1.0
16031,1.0
16033,3.0
16035,1.0
16037,3.0
16039,1.0
16041,1.0
16043,3.0
16045,1.0
16047,3.0
16049,1.0
16051,3.0
16053,2.0
16055,14.0
16057,4.0
16059,1.0
16061,3.0
16063,3.0
16065,3.0
16067,1.0
16069,2.0
16071,3.0
16073,3.0
16075,1.0
16077,3.0
16079,2.0
16081,1.0
16083,5.0
16085,2.0
16087,2.0
17001,3.0
17003,3.0
17005,3.0
17007,4.0
17009,3.0
17011,3.0
17013,1.0
17015,1.0
17017,2.0
17019,20.0
17021,2.0
17023,2.0
17025,2.0
17027,1.0
17029,6.0
17031,617.0
17033,3.0
17035,1.0
17037,8.0
17039,1.0
17041,1.0
17043,101.0
17045,2.0
17047,1.0
17049,9.0
17051,2.0
17053,2.0
17055,4.0
17057,3.0
17059,1.0
17061,3.0
17063,8.0
17065,2.0
17067,3.0
17069,1.0
17071,3.0
17073,3.0
17075,4.0
17077,9.0
17079,1.0
17081,5.0
17083,5.0
17085,4.0
17087,3.0
17089,56.0
17091,13.0
17093,5.0
17095,3.0
17097,76.0
17099,11.0
17101,3.0
17103,2.0
17105,4.0
17107,1.0
17109,3.0
17111,33.0
17113,11.0
17115,9.0
17117,3.0
17119,12.0
17121,6.0
17123,3.0
17125,3.0
17127,2.0
17129,1.0
17131,1.0
17133,1.0
17135,3.0
17137,1.0
17139,1.0
17141,5.0
17143,17.0
17145,1.0
17147,3.0
17149,3.0
17151,3.0
17153,1.0
17155,3.0
17157,3.0
17159,4.0
17161,8.0
17163,12.0
17165,3.0
17167,14.0
17169,1.0
17171,3.0
17173,1.0
17175,3.0
17177,4.0
17179,7.0
17181,3.0
17183,12.0
17185,3.0
17187,1.0
17189,3.0
17191,4.0
17193,1.0
17195,7.0
17197,75.0
17199,9.0
17201,23.0
17203,1.0
18001,4.0
18003,43.0
18005,2.0
18007,3.0
18009,3.0
18011,6.0
18013,2.0
18015,1.0
18017,5.0
18019,12.0
18021,3.0
18023,6.0
18025,1.0
18027,3.0
18029,7.0
18031,3.0
18033,3.0
18035,17.0
18037,6.0
18039,9.0
18041,2.0
18043,9.0
18045,2.0
18047,5.0
18049,3.0
18051,5.0
18053,9.0
18055,5.0
18057,29.0
18059,6.0
18061,5.0
18063,13.0
18065,8.0
18067,14.0
18069,5.0
18071,6.0
18073,4.0
18075,3.0
18077,7.0
18079,5.0
18081,14.0
18083,6.0
18085,6.0
18087,3.0
18089,66.0
18091,15.0
18093,3.0
18095,19.0
18097,156.0
18099,5.0
18101,3.0
18103,3.0
18105,15.0
18107,4.0
18109,6.0
18111,2.0
18113,6.0
18115,1.0
18117,3.0
18119,1.0
18121,2.0
18123,2.0
18125,2.0
18127,17.0
18129,3.0
18131,1.0
18133,4.0
18135,5.0
18137,4.0
18139,1.0
18141,21.0
18143,4.0
18145,1.0
18147,2.0
18149,2.0
18151,5.0
18153,1.0
18155,2.0
18157,17.0
18159,2.0
18161,1.0
18163,23.0
18165,2.0
18167,15.0
18169,3.0
18171,2.0
18173,4.0
18175,3.0
18177,14.0
18179,3.0
18181,6.0
18183,3.0
19001,3.0
19003,3.0
19005,1.0
19007,3.0
19009,3.0
19011,1.0
19013,11.0
19015,3.0
19017,3.0
19019,3.0
19021,1.0
19023,3.0
19025,3.0
19027,2.0
19029,1.0
19031,3.0
19033,2.0
19035,1.0
19037,3.0
19039,3.0
19041,3.0
19043,3.0
19045,3.0
19047,1.0
19049,3.0
19051,3.0
19053,3.0
19055,1.0
19057,3.0
19059,3.0
19061,2.0
19063,1.0
19065,2.0
19067,3.0
19069,2.0
19071,3.0
19073,3.0
19075,3.0
19077,3.0
19079,2.0
19081,3.0
19083,3.0
19085,1.0
19087,3.0
19089,1.0
19091,3.0
19093,3.0
19095,4.0
19097,1.0
19099,1.0
19101,3.0
19103,6.0
19105,1.0
19107,3.0
19109,2.0
19111,3.0
19113,6.0
19115,3.0
19117,3.0
19119,3.0
19121,1.0
19123,2.0
19125,3.0
19127,2.0
19129,3.0
19131,1.0
19133,1.0
19135,3.0
19137,1.0
19139,1.0
19141,2.0
19143,1.0
19145,1.0
19147,1.0
19149,1.0
19151,3.0
19153,19.0
19155,4.0
19157,3.0
19159,1.0
19161,1.0
19163,6.0
19165,3.0
19167,2.0
19169,5.0
19171,1.0
19173,3.0
19175,3.0
19177,3.0
19179,1.0
19181,3.0
19183,1.0
19185,1.0
19187,2.0
19189,1.0
19191,3.0
19193,4.0
19195,3.0
19197,3.0
20001,4.0
20003,3.0
20005,2.0
20007,2.0
20009,6.0
20011,3.0
20013,2.0
20015,9.0
20017,1.0
20019,1.0
20021,4.0
20023,1.0
20025,3.0
20027,2.0
20029,2.0
20031,3.0
20033,1.0
20035,10.0
20037,9.0
20039,1.0
20041,3.0
20043,3.0
20045,28.0
20047,2.0
20049,3.0
20051,11.0
20053,2.0
20055,11.0
20057,4.0
20059,7.0
20061,7.0
20063,3.0
20065,1.0
20067,4.0
20069,1.0
20071,3.0
20073,3.0
20075,2.0
20077,2.0
20079,7.0
20081,2.0
20083,1.0
20085,2.0
20087,3.0
20089,3.0
20091,95.0
20093,1.0
20095,5.0
20097,1.0
20099,6.0
20101,2.0
20103,11.0
20105,1.0
20107,1.0
20109,1.0
20111,12.0
20113,5.0
20115,3.0
20117,3.0
20119,1.0
20121,4.0
20123,3.0
20125,10.0
20127,1.0
20129,1.0
20131,5.0
20133,5.0
20135,2.0
20137,1.0
20139,5.0
20141,2.0
20143,3.0
20145,2.0
20147,2.0
20149,4.0
20151,2.0
20153,1.0
20155,10.0
20157,1.0
20159,3.0
20161,14.0
20163,2.0
20165,3.0
20167,4.0
20169,12.0
20171,2.0
20173,95.0
20175,5.0
20177,43.0
20179,1.0
20181,1.0
20183,2.0
20185,1.0
20187,3.0
20189,3.0
20191,4.0
20193,4.0
20195,2.0
20197,1.0
20199,3.0
20201,1.0
20203,1.0
20205,2.0
20207,2.0
20209,29.0
21001,3.0
21003,3.0
21005,4.0
21007,3.0
21009,3.0
21011,3.0
21013,3.0
21015,13.0
21017,1.0
21019,4.0
21021,4.0
21023,2.0
21025,3.0
21027,1.0
21029,5.0
21031,3.0
21033,3.0
21035,3.0
21037,15.0
21039,3.0
21041,1.0
21043,3.0
21045,3.0
21047,19.0
21049,2.0
21051,1.0
21053,3.0
21055,3.0
21057,3.0
21059,12.0
21061,3.0
21063,3.0
21065,3.0
21067,34.0
21069,3.0
21071,4.0
21073,4.0
21075,4.0
21077,1.0
21079,2.0
21081,3.0
21083,3.0
21085,3.0
21087,3.0
21089,3.0
21091,3.0
21093,9.0
21095,2.0
21097,3.0
21099,3.0
21101,6.0
21103,2.0
21105,3.0
21107,8.0
21109,3.0
21111,121.0
21113,2.0
21115,3.0
21117,20.0
21119,3.0
21121,1.0
21123,3.0
21125,3.0
21127,3.0
21129,3.0
21131,3.0
21133,3.0
21135,1.0
21137,3.0
21139,3.0
21141,3.0
21143,3.0
21145,11.0
21147,3.0
21149,3.0
21151,12.0
21153,3.0
21155,5.0
21157,3.0
21159,3.0
21161,2.0
21163,4.0
21165,3.0
21167,3.0
21169,3.0
21171,3.0
21173,3.0
21175,3.0
21177,4.0
21179,11.0
21181,1.0
21183,3.0
21185,3.0
21187,3.0
21189,3.0
21191,1.0
21193,6.0
21195,4.0
21197,3.0
21199,3.0
21201,3.0
21203,3.0
21205,2.0
21207,3.0
21209,3.0
21211,2.0
21213,3.0
21215,2.0
21217,3.0
21219,3.0
21221,3.0
21223,3.0
21225,2.0
21227,17.0
21229,1.0
21231,3.0
21233,3.0
21235,1.0
21237,2.0
21239,6.0
22001,3.0
22003,1.0
22005,4.0
22007,2.0
22009,3.0
22011,3.0
22013,3.0
22015,8.0
22017,31.0
22019,5.0
22021,3.0
22023,3.0
22025,1.0
22027,4.0
22029,1.0
22031,5.0
22033,9.0
22035,1.0
22037,3.0
22039,3.0
22041,3.0
22043,3.0
22045,3.0
22047,3.0
22049,3.0
22051,9.0
22053,3.0
22055,5.0
22057,1.0
22059,1.0
22061,3.0
22063,1.0
22065,3.0
22067,3.0
22069,4.0
22071,12.0
22073,9.0
22075,3.0
22077,3.0
22079,3.0
22081,2.0
22083,3.0
22085,3.0
22087,2.0
22089,3.0
22091,3.0
22093,3.0
22095,3.0
22097,3.0
22099,1.0
22101,3.0
22103,5.0
22105,1.0
22107,3.0
22109,3.0
22111,2.0
22113,2.0
22115,2.0
22117,3.0
22119,5.0
22121,3.0
22123,3.0
22125,1.0
22127,1.0
23001,5.0
23003,1.0
23005,17.0
23007,3.0
23009,5.0
23011,2.0
23013,2.0
23015,4.0
23017,2.0
23019,4.0
23021,3.0
23023,1.0
23025,2.0
23027,3.0
23029,2.0
23031,2.0
24001,11.0
24003,96.0
24005,168.0
24009,18.0
24011,5.0
24013,33.0
24015,24.0
24017,43.0
24019,3.0
24021,48.0
24023,6.0
24025,35.0
24027,53.0
24029,6.0
24031,130.0
24033,140.0
24035,14.0
24037,26.0
24039,4.0
24041,6.0
24043,35.0
24045,6.0
24047,16.0
24510,242.0
25001,80.0
25003,38.0
25005,115.0
25007,6.0
25009,136.0
25011,13.0
25013,101.0
25015,42.0
25017,262.0
25019,11.0
25021,125.0
25023,113.0
25025,151.0
25027,163.0
26001,1.0
26003,3.0
26005,13.0
26007,3.0
26009,2.0
26011,3.0
26013,3.0
26015,3.0
26017,10.0
26019,1.0
26021,27.0
26023,4.0
26025,13.0
26027,6.0
26029,4.0
26031,4.0
26033,2.0
26035,4.0
26037,5.0
26039,3.0
26041,1.0
26043,3.0
26045,7.0
26047,4.0
26049,78.0
26051,1.0
26053,3.0
26055,15.0
26057,4.0
26059,2.0
26061,5.0
26063,4.0
26065,28.0
26067,6.0
26069,3.0
26071,3.0
26073,10.0
26075,23.0
26077,39.0
26079,3.0
26081,73.0
26083,3.0
26085,3.0
26087,10.0
26089,5.0
26091,8.0
26093,16.0
26095,3.0
26097,3.0
26099,175.0
26101,2.0
26103,7.0
26105,2.0
26107,5.0
26109,3.0
26111,7.0
26113,3.0
26115,23.0
26117,1.0
26119,1.0
26121,18.0
26123,3.0
26125,211.0
26127,2.0
26129,1.0
26131,3.0
26133,2.0
26135,2.0
26137,1.0
26139,20.0
26141,2.0
26143,3.0
26145,30.0
26147,38.0
26149,3.0
26151,2.0
26153,1.0
26155,4.0
26157,2.0
26159,10.0
26161,39.0
26163,510.0
26165,1.0
27001,4.0
27003,50.0
27005,9.0
27007,9.0
27009,7.0
27011,1.0
27013,11.0
27015,4.0
27017,8.0
27019,14.0
27021,9.0
27023,3.0
27025,9.0
27027,9.0
27029,1.0
27031,3.0
27033,1.0
27035,15.0
27037,52.0
27039,3.0
27041,9.0
27043,5.0
27045,5.0
27047,6.0
27049,12.0
27051,4.0
27053,163.0
27055,3.0
27057,5.0
27059,5.0
27061,11.0
27063,3.0
27065,2.0
27067,7.0
27069,2.0
27071,8.0
27073,2.0
27075,3.0
27077,5.0
27079,7.0
27081,3.0
27083,8.0
27085,7.0
27087,2.0
27089,3.0
27091,2.0
27093,3.0
27095,5.0
27097,9.0
27099,7.0
27101,3.0
27103,2.0
27105,6.0
27107,3.0
27109,22.0
27111,11.0
27113,2.0
27115,5.0
27117,2.0
27119,6.0
27121,1.0
27123,83.0
27125,1.0
27127,4.0
27129,7.0
27131,8.0
27133,2.0
27135,4.0
27137,49.0
27139,18.0
27141,9.0
27143,5.0
27145,27.0
27147,9.0
27149,1.0
27151,3.0
27153,6.0
27155,1.0
27157,8.0
27159,4.0
27161,2.0
27163,38.0
27165,4.0
27167,1.0
27169,10.0
27171,17.0
27173,2.0
28001,4.0
28003,3.0
28005,1.0
28007,3.0
28009,3.0
28011,8.0
28013,3.0
28015,3.0
28017,3.0
28019,3.0
28021,2.0
28023,3.0
28025,2.0
28027,4.0
28029,3.0
28031,2.0
28033,20.0
28035,20.0
28037,3.0
28039,3.0
28041,3.0
28043,2.0
28045,10.0
28047,28.0
28049,29.0
28051,4.0
28053,2.0
28055,3.0
28057,1.0
28059,19.0
28061,2.0
28063,3.0
28065,1.0
28067,8.0
28069,2.0
28071,13.0
28073,7.0
28075,14.0
28077,3.0
28079,3.0
28081,17.0
28083,5.0
28085,3.0
28087,9.0
28089,19.0
28091,4.0
28093,6.0
28095,4.0
28097,1.0
28099,3.0
28101,3.0
28103,2.0
28105,8.0
28107,8.0
28109,3.0
28111,2.0
28113,7.0
28115,3.0
28117,1.0
28119,3.0
28121,1.0
28123,3.0
28125,1.0
28127,3.0
28129,3.0
28131,3.0
28133,3.0
28135,1.0
28137,3.0
28139,3.0
28141,3.0
28143,2.0
28145,2.0
28147,3.0
28149,5.0
28151,3.0
28153,3.0
28155,1.0
28157,1.0
28159,5.0
28161,2.0
28163,1.0
29001,2.0
29003,3.0
29005,1.0
29007,1.0
29009,5.0
29011,1.0
29013,2.0
29015,3.0
29017,3.0
29019,8.0
29021,3.0
29023,2.0
29025,3.0
29027,2.0
29029,2.0
29031,1.0
29033,1.0
29035,1.0
29037,5.0
29039,1.0
29041,1.0
29043,3.0
29045,3.0
29047,10.0
29049,3.0
29051,2.0
29053,3.0
29055,3.0
29057,1.0
29059,3.0
29061,3.0
29063,3.0
29065,2.0
29067,1.0
29069,3.0
29071,3.0
29073,3.0
29075,3.0
29077,24.0
29079,1.0
29081,3.0
29083,1.0
29085,1.0
29087,3.0
29089,3.0
29091,6.0
29093,3.0
29095,67.0
29097,9.0
29099,4.0
29101,4.0
29103,3.0
29105,5.0
29107,1.0
29109,3.0
29111,3.0
29113,3.0
29115,3.0
29117,3.0
29119,5.0
29121,3.0
29123,1.0
29125,1.0
29127,3.0
29129,3.0
29131,3.0
29133,5.0
29135,1.0
29137,3.0
29139,3.0
29141,1.0
29143,1.0
29145,9.0
29147,3.0
29149,3.0
29151,3.0
29153,2.0
29155,4.0
29157,3.0
29159,3.0
29161,4.0
29163,3.0
29165,6.0
29167,1.0
29169,1.0
29171,3.0
29173,3.0
29175,3.0
29177,1.0
29179,2.0
29181,3.0
29183,23.0
29185,3.0
29186,1.0
29187,3.0
29189,62.0
29195,1.0
29197,3.0
29199,1.0
29201,2.0
29203,2.0
29205,3.0
29207,1.0
29209,1.0
29211,3.0
29213,6.0
29215,1.0
29217,3.0
29219,2.0
29221,3.0
29223,1.0
29225,1.0
29227,3.0
29229,2.0
29510,18.0
30001,1.0
30003,1.0
30005,2.0
30007,3.0
30009,2.0
30011,3.0
30013,7.0
30015,1.0
30017,1.0
30019,3.0
30021,1.0
30023,1.0
30025,3.0
30027,1.0
30029,9.0
30031,6.0
30033,3.0
30035,3.0
30037,3.0
30039,3.0
30041,1.0
30043,1.0
30045,3.0
30047,2.0
30049,5.0
30051,3.0
30053,2.0
30055,3.0
30057,1.0
30059,3.0
30061,3.0
30063,5.0
30065,1.0
30067,3.0
30069,3.0
30071,1.0
30073,3.0
30075,3.0
30077,3.0
30079,3.0
30081,2.0
30083,1.0
30085,2.0
30087,3.0
30089,1.0
30091,3.0
30093,2.0
30095,3.0
30097,3.0
30099,3.0
30101,1.0
30103,3.0
30105,1.0
30107,3.0
30109,3.0
30111,11.0
31001,1.0
31003,1.0
31005,3.0
31007,3.0
31009,3.0
31011,3.0
31013,1.0
31015,3.0
31017,3.0
31019,3.0
31021,2.0
31023,3.0
31025,3.0
31027,3.0
31029,1.0
31031,1.0
31033,1.0
31035,1.0
31037,2.0
31039,1.0
31041,1.0
31043,4.0
31045,3.0
31047,4.0
31049,3.0
31051,3.0
31053,5.0
31055,23.0
31057,1.0
31059,3.0
31061,3.0
31063,3.0
31065,3.0
31067,4.0
31069,3.0
31071,3.0
31073,3.0
31075,3.0
31077,3.0
31079,1.0
31081,3.0
31083,1.0
31085,3.0
31087,1.0
31089,1.0
31091,3.0
31093,1.0
31095,1.0
31097,2.0
31099,1.0
31101,1.0
31103,3.0
31105,2.0
31107,2.0
31109,17.0
31111,7.0
31113,3.0
31115,3.0
31117,3.0
31119,3.0
31121,3.0
31123,3.0
31125,3.0
31127,2.0
31129,1.0
31131,1.0
31133,1.0
31135,3.0
31137,1.0
31139,2.0
31141,2.0
31143,3.0
31145,3.0
31147,2.0
31149,3.0
31151,3.0
31153,2.0
31155,3.0
31157,3.0
31159,3.0
31161,5.0
31163,3.0
31165,3.0
31167,3.0
31169,3.0
31171,3.0
31173,3.0
31175,3.0
31177,1.0
31179,1.0
31181,3.0
31183,3.0
31185,3.0
32001,1.0
32003,77.0
32005,7.0
32007,4.0
32009,3.0
32011,3.0
32013,1.0
32015,1.0
32017,3.0
32019,4.0
32021,1.0
32023,1.0
32027,3.0
32029,3.0
32031,33.0
32033,3.0
32510,8.0
33001,4.0
33003,5.0
33005,9.0
33007,6.0
33009,13.0
33011,20.0
33013,10.0
33015,21.0
33017,6.0
33019,2.0
34001,58.0
34003,162.0
34005,53.0
34007,87.0
34009,26.0
34011,27.0
34013,173.0
34015,35.0
34017,177.0
34019,20.0
34021,64.0
34023,121.0
34025,121.0
34027,86.0
34029,84.0
34031,136.0
34033,10.0
34035,43.0
34037,25.0
34039,126.0
34041,22.0
35001,25.0
35003,3.0
35005,1.0
35006,2.0
35007,1.0
35009,3.0
35011,3.0
35013,5.0
35015,3.0
35017,3.0
35019,3.0
35021,3.0
35023,2.0
35025,4.0
35027,3.0
35028,3.0
35029,1.0
35031,7.0
35033,3.0
35035,1.0
35037,3.0
35039,5.0
35041,1.0
35043,6.0
35045,6.0
35047,1.0
35049,13.0
35051,1.0
35053,3.0
35055,4.0
35057,2.0
35059,1.0
35061,3.0
36001,42.0
36003,3.0
36005,141.0
36007,27.0
36009,13.0
36011,7.0
36013,17.0
36015,6.0
36017,4.0
36019,13.0
36021,14.0
36023,5.0
36025,9.0
36027,46.0
36029,102.0
36031,12.0
36033,6.0
36035,7.0
36037,6.0
36039,9.0
36041,1.0
36043,5.0
36045,12.0
36047,351.0
36049,3.0
36051,9.0
36053,10.0
36055,86.0
36057,9.0
36059,218.0
36061,315.0
36063,22.0
36065,24.0
36067,38.0
36069,12.0
36071,56.0
36073,2.0
36075,9.0
36077,11.0
36079,21.0
36081,284.0
36083,22.0
36085,52.0
36087,37.0
36089,18.0
36091,31.0
36093,23.0
36095,4.0
36097,3.0
36099,6.0
36101,11.0
36103,287.0
36105,19.0
36107,7.0
36109,13.0
36111,35.0
36113,19.0
36115,6.0
36117,7.0
36119,160.0
36121,4.0
36123,11.0
37001,7.0
37003,1.0
37005,1.0
37007,1.0
37009,1.0
37011,1.0
37013,6.0
37015,2.0
37017,1.0
37019,9.0
37021,25.0
37023,1.0
37025,8.0
37027,2.0
37029,2.0
37031,6.0
37033,2.0
37035,12.0
37037,5.0
37039,3.0
37041,1.0
37043,1.0
37045,3.0
37047,5.0
37049,7.0
37051,13.0
37053,7.0
37055,9.0
37057,3.0
37059,1.0
37061,4.0
37063,14.0
37065,5.0
37067,16.0
37069,4.0
37071,12.0
37073,2.0
37075,3.0
37077,3.0
37079,2.0
37081,33.0
37083,6.0
37085,3.0
37087,4.0
37089,4.0
37091,3.0
37093,1.0
37095,2.0
37097,8.0
37099,1.0
37101,6.0
37103,3.0
37105,2.0
37107,3.0
37109,2.0
37111,1.0
37113,3.0
37115,3.0
37117,2.0
37119,55.0
37121,1.0
37123,2.0
37125,5.0
37127,10.0
37129,15.0
37131,4.0
37133,7.0
37135,10.0
37137,1.0
37139,2.0
37141,7.0
37143,2.0
37145,3.0
37147,11.0
37149,2.0
37151,6.0
37153,2.0
37155,6.0
37157,3.0
37159,4.0
37161,2.0
37163,4.0
37165,1.0
37167,2.0
37169,1.0
37171,4.0
37173,1.0
37175,2.0
37177,1.0
37179,5.0
37181,2.0
37183,44.0
37185,2.0
37187,1.0
37189,4.0
37191,5.0
37193,3.0
37195,7.0
37197,2.0
37199,2.0
38001,3.0
38003,1.0
38005,3.0
38007,3.0
38009,3.0
38011,1.0
38013,1.0
38015,3.0
38017,20.0
38019,1.0
38021,2.0
38023,1.0
38025,1.0
38027,2.0
38029,3.0
38031,2.0
38033,1.0
38035,8.0
38037,3.0
38039,3.0
38041,3.0
38043,3.0
38045,3.0
38047,3.0
38049,1.0
38051,1.0
38053,1.0
38055,1.0
38057,2.0
38059,1.0
38061,3.0
38063,3.0
38065,3.0
38067,2.0
38069,1.0
38071,5.0
38073,1.0
38075,3.0
38077,3.0
38079,2.0
38081,1.0
38083,3.0
38085,3.0
38087,3.0
38089,7.0
38091,3.0
38093,4.0
38095,3.0
38097,1.0
38099,3.0
38101,4.0
38103,1.0
38105,2.0
39001,2.0
39003,6.0
39005,2.0
39007,3.0
39009,6.0
39011,1.0
39013,5.0
39015,2.0
39017,38.0
39019,3.0
39021,3.0
39023,17.0
39025,7.0
39027,4.0
39029,10.0
39031,5.0
39033,4.0
39035,88.0
39037,5.0
39039,1.0
39041,7.0
39043,6.0
39045,5.0
39047,3.0
39049,94.0
39051,3.0
39053,4.0
39055,3.0
39057,17.0
39059,3.0
39061,56.0
39063,5.0
39065,3.0
39067,2.0
39069,3.0
39071,2.0
39073,2.0
39075,1.0
39077,5.0
39079,2.0
39081,2.0
39083,4.0
39085,13.0
39087,7.0
39089,10.0
39091,3.0
39093,24.0
39095,24.0
39097,1.0
39099,26.0
39101,3.0
39103,4.0
39105,3.0
39107,2.0
39109,13.0
39111,3.0
39113,64.0
39115,3.0
39117,3.0
39119,7.0
39121,1.0
39123,2.0
39125,3.0
39127,4.0
39129,1.0
39131,2.0
39133,11.0
39135,1.0
39137,1.0
39139,10.0
39141,5.0
39143,3.0
39145,2.0
39147,4.0
39149,7.0
39151,30.0
39153,49.0
39155,15.0
39157,16.0
39159,1.0
39161,1.0
39163,3.0
39165,11.0
39167,4.0
39169,13.0
39171,1.0
39173,6.0
39175,3.0
40001,3.0
40003,1.0
40005,3.0
40007,3.0
40009,3.0
40011,1.0
40013,3.0
40015,4.0
40017,9.0
40019,7.0
40021,5.0
40023,1.0
40025,1.0
40027,21.0
40029,1.0
40031,10.0
40033,3.0
40035,2.0
40037,5.0
40039,9.0
40041,6.0
40043,3.0
40045,1.0
40047,10.0
40049,2.0
40051,4.0
40053,3.0
40055,1.0
40057,2.0
40059,1.0
40061,3.0
40063,3.0
40065,2.0
40067,3.0
40069,3.0
40071,6.0
40073,1.0
40075,2.0
40077,3.0
40079,7.0
40081,5.0
40083,2.0
40085,3.0
40087,3.0
40089,3.0
40091,3.0
40093,1.0
40095,2.0
40097,3.0
40099,2.0
40101,4.0
40103,1.0
40105,3.0
40107,1.0
40109,84.0
40111,1.0
40113,4.0
40115,2.0
40117,1.0
40119,7.0
40121,3.0
40123,4.0
40125,5.0
40127,2.0
40129,3.0
40131,7.0
40133,2.0
40135,1.0
40137,7.0
40139,2.0
40141,3.0
40143,66.0
40145,6.0
40147,5.0
40149,3.0
40151,2.0
40153,1.0
41001,1.0
41003,4.0
41005,15.0
41007,9.0
41009,4.0
41011,4.0
41013,1.0
41015,2.0
41017,10.0
41019,9.0
41021,3.0
41023,1.0
41025,3.0
41027,4.0
41029,15.0
41031,1.0
41033,4.0
41035,2.0
41037,1.0
41039,16.0
41041,10.0
41043,3.0
41045,2.0
41047,10.0
41049,3.0
41051,54.0
41053,5.0
41055,3.0
41057,3.0
41059,4.0
41061,1.0
41063,3.0
41065,2.0
41067,23.0
41069,3.0
41071,10.0
42001,6.0
42003,195.0
42005,14.0
42007,25.0
42009,6.0
42011,52.0
42013,18.0
42015,10.0
42017,71.0
42019,28.0
42021,38.0
42023,1.0
42025,13.0
42027,22.0
42029,45.0
42031,9.0
42033,15.0
42035,5.0
42037,10.0
42039,14.0
42041,26.0
42043,38.0
42045,66.0
42047,9.0
42049,44.0
42051,24.0
42053,4.0
42055,14.0
42057,2.0
42059,8.0
42061,8.0
42063,12.0
42065,12.0
42067,3.0
42069,47.0
42071,45.0
42073,12.0
42075,15.0
42077,42.0
42079,62.0
42081,19.0
42083,10.0
42085,15.0
42087,6.0
42089,19.0
42091,99.0
42093,3.0
42095,37.0
42097,14.0
42099,8.0
42101,185.0
42103,4.0
42105,5.0
42107,32.0
42109,3.0
42111,11.0
42113,3.0
42115,7.0
42117,6.0
42119,7.0
42121,9.0
42123,7.0
42125,33.0
42127,11.0
42129,64.0
42131,6.0
42133,45.0
44001,9.0
44003,29.0
44005,25.0
44007,132.0
44009,21.0
45001,1.0
45003,9.0
45005,3.0
45007,11.0
45009,1.0
45011,3.0
45013,21.0
45015,15.0
45017,1.0
45019,38.0
45021,4.0
45023,1.0
45025,1.0
45027,3.0
45029,3.0
45031,8.0
45033,2.0
45035,12.0
45037,2.0
45039,3.0
45041,18.0
45043,7.0
45045,36.0
45047,4.0
45049,3.0
45051,46.0
45053,3.0
45055,5.0
45057,5.0
45059,4.0
45061,3.0
45063,19.0
45065,1.0
45067,4.0
45069,2.0
45071,2.0
45073,5.0
45075,5.0
45077,7.0
45079,32.0
45081,2.0
45083,21.0
45085,7.0
45087,1.0
45089,3.0
45091,21.0
46003,3.0
46005,3.0
46007,1.0
46009,1.0
46011,1.0
46013,2.0
46015,1.0
46017,3.0
46019,3.0
46021,3.0
46023,3.0
46025,3.0
46027,2.0
46029,4.0
46031,1.0
46033,1.0
46035,3.0
46037,1.0
46039,1.0
46041,1.0
46043,1.0
46045,1.0
46047,3.0
46049,3.0
46051,2.0
46053,2.0
46055,1.0
46057,3.0
46059,1.0
46061,3.0
46063,3.0
46065,2.0
46067,3.0
46069,3.0
46071,1.0
46073,3.0
46075,3.0
46077,3.0
46079,3.0
46081,5.0
46083,1.0
46085,3.0
46087,3.0
46089,3.0
46091,1.0
46093,2.0
46095,3.0
46097,3.0
46099,16.0
46101,3.0
46103,5.0
46105,2.0
46107,3.0
46109,3.0
46111,3.0
46115,1.0
46117,3.0
46119,3.0
46121,3.0
46123,1.0
46125,2.0
46127,2.0
46129,1.0
46135,2.0
46137,3.0
47001,6.0
47003,2.0
47005,3.0
47007,3.0
47009,5.0
47011,3.0
47013,2.0
47015,1.0
47017,1.0
47019,3.0
47021,4.0
47023,3.0
47025,1.0
47027,3.0
47029,3.0
47031,8.0
47033,3.0
47035,3.0
47037,77.0
47039,3.0
47041,3.0
47043,5.0
47045,3.0
47047,5.0
47049,1.0
47051,4.0
47053,3.0
47055,4.0
47057,3.0
47059,6.0
47061,2.0
47063,4.0
47065,40.0
47067,3.0
47069,1.0
47071,4.0
47073,2.0
47075,3.0
47077,1.0
47079,7.0
47081,1.0
47083,3.0
47085,3.0
47087,1.0
47089,1.0
47091,3.0
47093,48.0
47095,1.0
47097,2.0
47099,3.0
47101,3.0
47103,4.0
47105,2.0
47107,3.0
47109,3.0
47111,3.0
47113,12.0
47115,2.0
47117,2.0
47119,10.0
47121,3.0
47123,5.0
47125,13.0
47127,3.0
47129,3.0
47131,3.0
47133,3.0
47135,1.0
47137,1.0
47139,3.0
47141,10.0
47143,3.0
47145,7.0
47147,5.0
47149,28.0
47151,3.0
47153,1.0
47155,7.0
47157,110.0
47159,2.0
47161,3.0
47163,12.0
47165,14.0
47167,4.0
47169,2.0
47171,3.0
47173,3.0
47175,1.0
47177,3.0
47179,12.0
47181,3.0
47183,3.0
47185,3.0
47187,23.0
47189,11.0
48001,2.0
48003,3.0
48005,2.0
48007,3.0
48009,3.0
48011,3.0
48013,4.0
48015,2.0
48017,3.0
48019,1.0
48021,9.0
48023,3.0
48025,2.0
48027,23.0
48029,126.0
48031,1.0
48033,3.0
48035,6.0
48037,3.0
48039,7.0
48041,14.0
48043,2.0
48045,3.0
48047,3.0
48049,4.0
48051,3.0
48053,3.0
48055,2.0
48057,2.0
48059,1.0
48061,34.0
48063,5.0
48065,1.0
48067,3.0
48069,2.0
48071,3.0
48073,3.0
48075,1.0
48077,3.0
48079,3.0
48081,3.0
48083,2.0
48085,30.0
48087,3.0
48089,5.0
48091,14.0
48093,3.0
48095,3.0
48097,4.0
48099,2.0
48101,3.0
48103,3.0
48105,1.0
48107,3.0
48109,3.0
48111,1.0
48113,229.0
48115,1.0
48117,2.0
48119,3.0
48121,51.0
48123,2.0
48125,3.0
48127,3.0
48129,3.0
48131,3.0
48133,1.0
48135,19.0
48137,3.0
48139,4.0
48141,52.0
48143,1.0
48145,2.0
48147,3.0
48149,3.0
48151,3.0
48153,1.0
48155,1.0
48157,31.0
48159,3.0
48161,2.0
48163,1.0
48165,3.0
48167,23.0
48169,2.0
48171,7.0
48173,3.0
48175,1.0
48177,2.0
48179,5.0
48181,10.0
48183,23.0
48185,2.0
48187,7.0
48189,4.0
48191,2.0
48193,3.0
48195,3.0
48197,3.0
48199,6.0
48201,270.0
48203,3.0
48205,3.0
48207,3.0
48209,17.0
48211,3.0
48213,16.0
48215,37.0
48217,5.0
48219,1.0
48221,7.0
48223,1.0
48225,1.0
48227,4.0
48229,3.0
48231,4.0
48233,3.0
48235,3.0
48237,1.0
48239,1.0
48241,4.0
48243,1.0
48245,22.0
48247,3.0
48249,6.0
48251,5.0
48253,1.0
48255,1.0
48257,10.0
48259,6.0
48261,3.0
48263,3.0
48265,9.0
48267,1.0
48269,3.0
48271,3.0
48273,2.0
48275,1.0
48277,3.0
48279,1.0
48281,4.0
48283,3.0
48285,2.0
48287,1.0
48289,3.0
48291,2.0
48293,3.0
48295,1.0
48297,1.0
48299,3.0
48301,3.0
48303,38.0
48305,3.0
48307,2.0
48309,11.0
48311,3.0
48313,3.0
48315,2.0
48317,3.0
48319,3.0
48321,6.0
48323,3.0
48325,5.0
48327,3.0
48329,14.0
48331,2.0
48333,2.0
48335,3.0
48337,1.0
48339,34.0
48341,3.0
48343,5.0
48345,3.0
48347,8.0
48349,3.0
48351,2.0
48353,3.0
48355,32.0
48357,3.0
48359,3.0
48361,7.0
48363,6.0
48365,3.0
48367,11.0
48369,3.0
48371,2.0
48373,3.0
48375,15.0
48377,1.0
48379,1.0
48381,12.0
48383,3.0
48385,1.0
48387,2.0
48389,1.0
48391,1.0
48393,3.0
48395,2.0
48397,1.0
48399,2.0
48401,3.0
48403,1.0
48405,2.0
48407,1.0
48409,4.0
48411,1.0
48413,3.0
48415,4.0
48417,3.0
48419,4.0
48421,3.0
48423,5.0
48425,3.0
48427,8.0
48429,1.0
48431,3.0
48433,3.0
48435,1.0
48437,1.0
48439,113.0
48441,12.0
48443,3.0
48445,1.0
48447,3.0
48449,4.0
48451,10.0
48453,102.0
48455,3.0
48457,3.0
48459,8.0
48461,3.0
48463,2.0
48465,7.0
48467,3.0
48469,8.0
48471,3.0
48473,3.0
48475,1.0
48477,2.0
48479,18.0
48481,2.0
48483,2.0
48485,8.0
48487,1.0
48489,3.0
48491,29.0
48493,1.0
48495,3.0
48497,7.0
48499,3.0
48501,3.0
48503,1.0
48505,3.0
48507,3.0
49001,1.0
49003,1.0
49005,2.0
49007,2.0
49009,3.0
49011,2.0
49013,3.0
49015,3.0
49017,1.0
49019,1.0
49021,1.0
49023,1.0
49025,1.0
49027,1.0
49029,3.0
49031,3.0
49033,3.0
49035,20.0
49037,3.0
49039,1.0
49041,3.0
49043,4.0
49045,1.0
49047,1.0
49049,5.0
49051,1.0
49053,3.0
49055,1.0
49057,4.0
50001,6.0
50003,9.0
50005,5.0
50007,34.0
50009,2.0
50011,11.0
50013,2.0
50015,7.0
50017,3.0
50019,5.0
50021,13.0
50023,11.0
50025,9.0
50027,14.0
51001,4.0
51003,9.0
51005,1.0
51007,1.0
51009,2.0
51011,1.0
51013,11.0
51015,3.0
51017,2.0
51019,2.0
51021,3.0
51023,1.0
51025,1.0
51027,1.0
51029,1.0
51031,3.0
51033,3.0
51035,1.0
51036,3.0
51037,1.0
51041,10.0
51043,1.0
51045,3.0
51047,4.0
51049,3.0
51051,1.0
51053,3.0
51057,1.0
51059,53.0
51061,5.0
51063,3.0
51065,2.0
51067,2.0
51069,4.0
51071,1.0
51073,2.0
51075,2.0
51077,3.0
51079,1.0
51081,3.0
51083,1.0
51085,5.0
51087,20.0
51089,2.0
51091,1.0
51093,3.0
51095,3.0
51097,3.0
51099,1.0
51101,2.0
51103,1.0
51105,1.0
51107,18.0
51109,2.0
51111,1.0
51113,1.0
51115,1.0
51117,3.0
51119,2.0
51121,3.0
51125,2.0
51127,1.0
51131,2.0
51133,1.0
51135,3.0
51137,3.0
51139,1.0
51141,2.0
51143,2.0
51145,3.0
51147,1.0
51149,2.0
51153,16.0
51155,1.0
51157,1.0
51159,1.0
51161,3.0
51163,3.0
51165,3.0
51167,3.0
51169,1.0
51171,3.0
51173,1.0
51175,1.0
51177,7.0
51179,4.0
51181,3.0
51183,1.0
51185,3.0
51187,1.0
51191,2.0
51193,2.0
51195,2.0
51197,1.0
51199,5.0
51510,9.0
51520,3.0
51530,3.0
51540,7.0
51550,12.0
51570,2.0
51580,1.0
51590,5.0
51595,1.0
51600,4.0
51610,3.0
51620,1.0
51630,5.0
51640,1.0
51650,8.0
51660,4.0
51670,1.0
51678,2.0
51680,3.0
51683,2.0
51685,3.0
51690,1.0
51700,7.0
51710,8.0
51720,1.0
51730,3.0
51735,1.0
51740,5.0
51750,1.0
51760,17.0
51770,8.0
51775,1.0
51790,4.0
51800,5.0
51810,16.0
51820,1.0
51830,2.0
51840,2.0
53001,2.0
53003,3.0
53005,13.0
53007,13.0
53009,5.0
53011,18.0
53013,1.0
53015,5.0
53017,3.0
53019,1.0
53021,3.0
53023,3.0
53025,4.0
53027,7.0
53029,7.0
53031,6.0
53033,142.0
53035,11.0
53037,4.0
53039,1.0
53041,7.0
53043,3.0
53045,3.0
53047,5.0
53049,3.0
53051,3.0
53053,40.0
53055,3.0
53057,9.0
53059,3.0
53061,38.0
53063,28.0
53065,5.0
53067,15.0
53069,3.0
53071,5.0
53073,21.0
53075,4.0
53077,13.0
54001,3.0
54003,3.0
54005,3.0
54007,3.0
54009,3.0
54011,6.0
54013,3.0
54015,3.0
54017,3.0
54019,3.0
54021,3.0
54023,1.0
54025,3.0
54027,3.0
54029,2.0
54031,3.0
54033,2.0
54035,3.0
54037,4.0
54039,3.0
54041,1.0
54043,3.0
54045,1.0
54047,3.0
54049,2.0
54051,3.0
54053,3.0
54055,5.0
54057,3.0
54059,4.0
54061,3.0
54063,3.0
54065,3.0
54067,1.0
54069,3.0
54071,3.0
54073,3.0
54075,1.0
54077,3.0
54079,1.0
54081,2.0
54083,2.0
54085,3.0
54087,2.0
54089,3.0
54091,3.0
54093,3.0
54095,3.0
54097,3.0
54099,3.0
54101,3.0
54103,1.0
54105,3.0
54107,2.0
54109,3.0
55001,1.0
55003,1.0
55005,8.0
55007,2.0
55009,16.0
55011,3.0
55013,3.0
55015,1.0
55017,1.0
55019,2.0
55021,6.0
55023,1.0
55025,52.0
55027,3.0
55029,4.0
55031,9.0
55033,3.0
55035,1.0
55037,2.0
55039,6.0
55041,2.0
55043,6.0
55045,1.0
55047,1.0
55049,2.0
55051,3.0
55053,3.0
55055,7.0
55057,2.0
55059,8.0
55061,3.0
55063,2.0
55065,1.0
55067,3.0
55069,3.0
55071,4.0
55073,1.0
55075,4.0
55077,1.0
55078,3.0
55079,103.0
55081,2.0
55083,2.0
55085,3.0
55087,5.0
55089,4.0
55091,1.0
55093,4.0
55095,3.0
55097,4.0
55099,1.0
55101,16.0
55103,3.0
55105,11.0
55107,3.0
55109,17.0
55111,5.0
55113,3.0
55115,3.0
55117,6.0
55119,3.0
55121,1.0
55123,3.0
55125,1.0
55127,11.0
55129,3.0
55131,7.0
55133,22.0
55135,1.0
55137,2.0
55139,5.0
55141,3.0
56001,4.0
56003,2.0
56005,7.0
56007,4.0
56009,6.0
56011,2.0
56013,6.0
56015,1.0
56017,1.0
56019,5.0
56021,11.0
56023,3.0
56025,15.0
56027,3.0
56029,6.0
56031,3.0
56033,5.0
56035,1.0
56037,6.0
56039,4.0
56041,5.0
56043,1.0
56045,2.0
