fips_code,median_age
01001,37.0
01003,41.2
01005,38.2
01007,39.4
01009,39.1
01011,40.7
01013,40.3
01015,38.7
01017,41.4
01019,44.3
01021,37.6
01023,44.0
01025,39.9
01027,41.7
01029,41.2
01031,37.8
01033,41.7
01035,43.3
01037,44.4
01039,42.5
01041,40.3
01043,40.1
01045,36.0
01047,37.3
01049,37.9
01051,37.7
01053,38.7
01055,40.2
01057,43.1
01059,38.3
01061,42.2
01063,41.4
01065,40.4
01067,42.9
01069,38.3
01071,41.4
01073,37.0
01075,42.6
01077,40.4
01079,41.0
01081,29.6
01083,38.7
01085,40.7
01087,36.6
01089,37.3
01091,41.1
01093,43.2
01095,38.1
01097,36.6
01099,40.0
01101,34.7
01103,38.7
01105,37.0
01107,41.4
01109,31.3
01111,40.7
01113,35.6
01115,38.8
01117,36.9
01119,37.1
01121,39.4
01123,41.8
01125,31.4
01127,41.5
01129,39.5
01131,38.8
01133,43.1
02013,40.7
02016,39.1
02020,32.9
02050,26.1
02060,42.7
02068,41.4
02070,28.6
02090,30.7
02100,42.9
02105,48.3
02110,37.8
02122,40.9
02130,38.4
02150,31.5
02164,28.7
02170,34.8
02180,28.0
02185,34.2
02188,25.7
02195,42.2
02198,39.0
02220,38.8
02230,46.7
02240,36.3
02261,39.6
02275,50.8
02282,39.1
02290,35.6
04001,32.1
04003,39.9
04005,30.9
04007,47.8
04009,31.8
04011,33.7
04012,54.1
04013,34.6
04015,47.4
04017,34.8
04019,37.7
04021,35.8
04023,35.5
04025,49.3
04027,33.6
05001,41.5
05003,39.5
05005,50.8
05007,34.5
05009,41.4
05011,40.2
05013,42.4
05015,44.2
05017,42.5
05019,33.6
05021,42.9
05023,46.4
05025,40.2
05027,36.1
05029,40.4
05031,33.1
05033,38.0
05035,33.8
05037,39.4
05039,42.9
05041,39.1
05043,37.5
05045,31.4
05047,40.8
05049,46.9
05051,44.2
05053,39.4
05055,37.8
05057,38.6
05059,39.6
05061,37.1
05063,38.0
05065,47.3
05067,40.9
05069,37.2
05071,37.6
05073,42.9
05075,39.8
05077,39.8
05079,37.7
05081,41.1
05083,41.7
05085,35.5
05087,40.4
05089,50.2
05091,37.5
05093,34.6
05095,43.5
05097,46.4
05099,39.6
05101,46.6
05103,42.6
05105,42.1
05107,37.3
05109,39.8
05111,39.6
05113,43.4
05115,35.3
05117,44.6
05119,36.0
05121,41.3
05123,36.9
05125,38.7
05127,41.4
05129,47.1
05131,36.6
05133,33.9
05135,46.4
05137,46.9
05139,39.8
05141,46.5
05143,31.1
05145,36.1
05147,43.3
05149,38.4
06001,36.6
06003,43.2
06005,48.4
06007,37.3
06009,49.5
06011,33.9
06013,38.5
06015,38.8
06017,43.5
06019,30.7
06021,36.5
06023,37.5
06025,31.8
06027,45.7
06029,30.7
06031,31.2
06033,44.8
06035,37.4
06037,34.8
06039,33.2
06041,44.6
06043,49.4
06045,41.7
06047,29.7
06049,46.8
06051,37.1
06053,32.9
06055,39.6
06057,48.0
06059,36.2
06061,40.2
06063,49.4
06065,33.7
06067,34.9
06069,34.1
06071,31.7
06073,34.7
06075,38.5
06077,32.6
06079,39.3
06081,39.3
06083,33.6
06085,36.2
06087,36.9
06089,41.9
06091,51.6
06093,47.0
06095,37.0
06097,39.8
06099,32.8
06101,34.5
06103,39.6
06105,49.2
06107,29.7
06109,48.0
06111,36.4
06113,30.5
06115,31.9
08001,32.4
08003,32.2
08005,35.7
08007,47.5
08009,47.8
08011,40.6
08013,35.6
08014,36.5
08015,47.3
08017,41.0
08019,45.8
08021,38.2
08023,47.4
08025,39.4
08027,52.7
08029,46.1
08031,33.7
08033,46.5
08035,36.7
08037,34.2
08039,43.0
08041,34.1
08043,43.0
08045,34.7
08047,44.5
08049,41.1
08051,34.3
08053,56.5
08055,51.5
08057,46.5
08059,40.2
08061,40.1
08063,39.0
08065,34.2
08067,37.7
08069,35.4
08071,44.2
08073,39.4
08075,37.5
08077,37.9
08079,60.3
08081,36.4
08083,42.8
08085,42.6
08087,36.0
08089,40.6
08091,52.4
08093,47.0
08095,40.8
08097,43.0
08099,36.7
08101,38.8
08103,36.8
08105,41.8
08107,39.4
08109,43.8
08111,37.9
08113,38.2
08115,47.9
08117,36.3
08119,47.4
08121,44.2
08123,33.2
08125,36.3
09001,39.5
09003,39.9
09005,44.4
09007,43.0
09009,39.1
09011,40.3
09013,38.3
09015,39.4
10001,36.6
10003,37.0
10005,45.4
11001,33.9
12001,30.1
12003,35.9
12005,39.3
12007,38.7
12009,45.5
12011,39.7
12013,40.1
12015,55.9
12017,54.2
12019,38.2
12021,47.1
12023,40.0
12027,38.5
12029,44.9
12031,35.7
12033,37.5
12035,47.7
12037,42.3
12039,38.9
12041,39.7
12043,43.4
12045,43.8
12047,38.4
12049,33.1
12051,32.6
12053,47.8
12055,51.4
12057,36.1
12059,42.1
12061,48.9
12063,40.4
12065,43.6
12067,33.8
12069,45.7
12071,45.5
12073,29.6
12075,45.2
12077,38.2
12079,40.2
12081,45.6
12083,47.4
12085,49.8
12086,38.2
12087,46.4
12089,43.1
12091,37.7
12093,39.0
12095,33.7
12097,35.4
12099,43.5
12101,43.8
12103,46.3
12105,39.8
12107,43.2
12109,42.2
12111,42.5
12113,39.2
12115,52.6
12117,38.3
12119,63.0
12121,42.2
12123,41.2
12125,39.8
12127,45.3
12129,39.5
12131,43.0
12133,40.8
13001,38.8
13003,34.2
13005,35.7
13007,41.9
13009,34.2
13011,38.2
13013,33.6
13015,36.7
13017,38.0
13019,37.9
13021,35.5
13023,38.7
13025,37.9
13027,40.6
13029,36.1
13031,25.8
13033,35.5
13035,38.2
13037,38.8
13039,31.6
13043,37.6
13045,33.6
13047,38.7
13049,38.0
13051,34.0
13053,23.8
13055,39.5
13057,36.4
13059,25.9
13061,42.7
13063,31.7
13065,37.1
13067,35.4
13069,34.8
13071,34.9
13073,36.9
13075,36.5
13077,36.7
13079,40.8
13081,37.7
13083,39.2
13085,40.5
13087,37.0
13089,34.3
13091,39.5
13093,40.7
13095,33.4
13097,35.0
13099,39.0
13101,32.4
13103,35.4
13105,41.2
13107,36.9
13109,35.9
13111,48.4
13113,42.3
13115,37.7
13117,37.0
13119,40.0
13121,34.2
13123,42.9
13125,39.4
13127,40.0
13129,36.0
13131,38.2
13133,46.4
13135,33.8
13137,38.6
13139,34.5
13141,42.1
13143,39.2
13145,42.3
13147,42.8
13149,39.4
13151,35.5
13153,34.4
13155,37.2
13157,36.8
13159,37.7
13161,35.7
13163,38.1
13165,38.6
13167,40.2
13169,39.1
13171,38.2
13173,32.7
13175,38.0
13177,35.9
13179,27.6
13181,45.2
13183,30.2
13185,29.8
13187,36.1
13189,38.5
13191,43.5
13193,38.9
13195,38.8
13197,41.2
13199,41.6
13201,41.2
13205,37.2
13207,40.7
13209,36.8
13211,41.3
13213,36.5
13215,33.4
13217,34.6
13219,39.1
13221,41.4
13223,34.0
13225,33.9
13227,41.7
13229,38.6
13231,38.3
13233,36.9
13235,43.3
13237,44.8
13239,40.4
13241,45.4
13243,39.2
13245,33.1
13247,37.2
13249,37.7
13251,39.7
13253,43.7
13255,37.1
13257,40.5
13259,41.6
13261,34.2
13263,45.3
13265,43.4
13267,36.2
13269,40.3
13271,39.2
13273,40.4
13275,39.1
13277,34.4
13279,35.7
13281,51.3
13283,37.8
13285,36.1
13287,39.5
13289,43.9
13291,51.0
13293,41.0
13295,39.6
13297,37.4
13299,37.5
13301,43.2
13303,39.2
13305,37.6
13307,45.6
13309,36.6
13311,43.2
13313,34.0
13315,39.7
13317,44.2
13319,40.5
13321,39.4
15001,40.6
15003,37.7
15007,41.5
15009,39.5
16001,34.9
16003,50.3
16005,31.5
16007,39.6
16009,44.6
16011,32.0
16013,40.6
16015,48.8
16017,45.7
16019,31.8
16021,42.6
16023,45.9
16025,38.0
16027,31.6
16029,38.1
16031,32.1
16033,37.3
16035,49.5
16037,47.9
16039,30.3
16041,32.0
16043,33.8
16045,42.2
16047,35.0
16049,48.3
16051,30.2
16053,31.4
16055,39.1
16057,28.1
16059,50.0
16061,47.7
16063,33.1
16065,22.7
16067,35.4
16069,41.0
16071,39.7
16073,35.8
16075,38.0
16077,34.0
16079,46.5
16081,33.9
16083,34.6
16085,46.7
16087,44.0
17001,40.4
17003,41.0
17005,40.4
17007,36.6
17009,37.2
17011,42.6
17013,44.6
17015,46.5
17017,37.9
17019,28.9
17021,41.6
17023,42.8
17025,42.5
17027,39.4
17029,32.3
17031,35.3
17033,42.0
17035,40.6
17037,29.4
17039,42.0
17041,38.3
17043,38.2
17045,43.0
17047,43.1
17049,39.5
17051,39.7
17053,42.5
17055,41.8
17057,42.3
17059,45.0
17061,41.3
17063,36.4
17065,43.3
17067,44.7
17069,45.9
17071,47.6
17073,41.9
17075,43.2
17077,29.1
17079,42.7
17081,40.5
17083,41.3
17085,47.2
17087,42.0
17089,34.7
17091,36.7
17093,33.0
17095,41.8
17097,36.7
17099,41.1
17101,40.8
17103,41.6
17105,40.2
17107,39.4
17109,29.4
17111,38.0
17113,32.2
17115,40.4
17117,41.9
17119,38.4
17121,41.4
17123,44.9
17125,44.3
17127,42.3
17129,43.0
17131,43.7
17133,40.5
17135,41.8
17137,40.9
17139,41.0
17141,40.9
17143,36.7
17145,39.7
17147,42.8
17149,42.0
17151,47.9
17153,43.5
17155,44.6
17157,41.2
17159,43.6
17161,40.1
17163,37.1
17165,41.8
17167,39.3
17169,43.2
17171,43.1
17173,44.0
17175,44.0
17177,43.7
17179,39.9
17181,43.3
17183,39.6
17185,42.8
17187,40.0
17189,42.4
17191,42.6
17193,44.5
17195,42.0
17197,35.5
17199,40.4
17201,38.4
17203,40.1
18001,34.3
18003,35.4
18005,38.1
18007,39.8
18009,42.0
18011,38.5
18013,47.3
18015,41.3
18017,38.6
18019,38.1
18021,40.7
18023,37.8
18025,41.3
18027,35.7
18029,40.2
18031,38.8
18033,37.9
18035,34.6
18037,40.6
18039,34.8
18041,40.7
18043,39.2
18045,42.0
18047,39.9
18049,40.3
18051,40.2
18053,39.8
18055,41.5
18057,35.7
18059,39.0
18061,40.7
18063,36.8
18065,41.8
18067,40.7
18069,39.3
18071,38.5
18073,38.3
18075,39.1
18077,40.5
18079,37.9
18081,37.1
18083,38.9
18085,37.8
18087,30.7
18089,37.3
18091,39.5
18093,41.4
18095,39.3
18097,33.9
18099,38.2
18101,42.0
18103,39.9
18105,27.8
18107,39.5
18109,39.9
18111,42.8
18113,37.1
18115,43.9
18117,39.8
18119,42.7
18121,41.1
18123,41.3
18125,42.8
18127,38.5
18129,41.6
18131,41.6
18133,38.0
18135,41.2
18137,39.2
18139,40.3
18141,36.1
18143,39.1
18145,39.9
18147,42.3
18149,40.5
18151,40.0
18153,39.4
18155,40.6
18157,27.7
18159,43.0
18161,40.2
18163,37.5
18165,41.5
18167,36.2
18169,41.6
18171,42.6
18173,39.5
18175,39.0
18177,40.5
18179,40.3
18181,42.2
18183,40.0
19001,45.4
19003,46.5
19005,44.2
19007,44.2
19009,46.7
19011,40.4
19013,34.6
19015,40.9
19017,38.3
19019,38.9
19021,36.5
19023,43.6
19025,47.5
19027,42.5
19029,44.8
19031,42.8
19033,43.4
19035,47.3
19037,43.9
19039,41.5
19041,42.8
19043,44.7
19045,41.6
19047,38.0
19049,34.3
19051,38.6
19053,38.4
19055,41.9
19057,41.8
19059,48.3
19061,38.7
19063,40.2
19065,42.3
19067,43.6
19069,43.0
19071,45.4
19073,45.1
19075,42.5
19077,44.9
19079,42.1
19081,44.7
19083,43.6
19085,42.7
19087,39.8
19089,42.4
19091,44.4
19093,44.8
19095,42.3
19097,43.9
19099,41.7
19101,44.0
19103,29.3
19105,42.7
19107,43.6
19109,46.9
19111,42.4
19113,36.7
19115,39.3
19117,43.8
19119,38.3
19121,39.4
19123,39.3
19125,38.8
19127,39.4
19129,41.4
19131,44.6
19133,46.8
19135,43.3
19137,45.2
19139,38.0
19141,44.4
19143,43.3
19145,43.8
19147,42.8
19149,42.5
19151,47.3
19153,34.7
19155,38.5
19157,41.3
19159,45.4
19161,46.3
19163,37.4
19165,45.8
19167,32.9
19169,26.5
19171,42.1
19173,44.3
19175,41.5
19177,43.8
19179,39.9
19181,38.5
19183,41.9
19185,45.4
19187,40.0
19189,43.8
19191,40.2
19193,35.2
19195,43.9
19197,44.4
20001,40.8
20003,43.0
20005,35.8
20007,46.4
20009,40.0
20011,38.0
20013,41.9
20015,37.5
20017,45.5
20019,48.3
20021,40.5
20023,49.7
20025,43.5
20027,44.1
20029,43.3
20031,44.0
20033,44.0
20035,38.4
20037,32.7
20039,51.4
20041,41.6
20043,37.9
20045,28.3
20047,43.6
20049,49.0
20051,31.8
20053,44.2
20055,30.4
20057,30.5
20059,38.6
20061,27.4
20063,48.2
20065,49.5
20067,32.6
20069,35.2
20071,49.2
20073,46.5
20075,36.7
20077,43.3
20079,39.7
20081,34.3
20083,47.9
20085,41.3
20087,42.9
20089,51.7
20091,36.4
20093,35.7
20095,44.6
20097,42.3
20099,40.3
20101,45.3
20103,37.4
20105,46.3
20107,44.3
20109,44.3
20111,32.2
20113,41.8
20115,44.3
20117,44.9
20119,40.0
20121,40.1
20123,45.1
20125,39.7
20127,47.3
20129,39.4
20131,42.4
20133,40.2
20135,50.9
20137,43.4
20139,42.6
20141,47.6
20143,42.3
20145,42.0
20147,45.7
20149,35.1
20151,40.5
20153,50.8
20155,40.0
20157,50.8
20159,38.7
20161,24.3
20163,44.4
20165,49.0
20167,47.1
20169,37.9
20171,43.8
20173,34.4
20175,29.0
20177,38.4
20179,46.6
20181,41.1
20183,50.4
20185,45.7
20187,35.5
20189,34.8
20191,39.9
20193,36.2
20195,46.8
20197,41.6
20199,45.1
20201,46.0
20203,38.3
20205,44.1
20207,48.8
20209,33.0
21001,39.4
21003,39.3
21005,38.3
21007,41.6
21009,39.9
21011,40.4
21013,41.1
21015,35.7
21017,40.4
21019,41.6
21021,40.8
21023,39.7
21025,40.4
21027,41.8
21029,38.2
21031,40.3
21033,42.2
21035,33.6
21037,36.9
21039,43.2
21041,36.6
21043,39.2
21045,41.1
21047,28.9
21049,40.3
21051,37.4
21053,41.5
21055,42.4
21057,43.3
21059,39.0
21061,41.7
21063,40.9
21065,41.7
21067,33.8
21069,39.9
21071,39.9
21073,39.7
21075,42.8
21077,39.4
21079,41.7
21081,35.3
21083,40.0
21085,39.2
21087,43.4
21089,42.0
21091,40.0
21093,35.5
21095,40.6
21097,41.6
21099,40.6
21101,39.4
21103,40.6
21105,44.7
21107,40.3
21109,39.0
21111,37.8
21113,35.6
21115,39.7
21117,36.2
21119,41.1
21121,38.8
21123,39.5
21125,37.6
21127,39.5
21129,41.2
21131,41.8
21133,41.3
21135,40.3
21137,39.2
21139,44.7
21141,40.5
21143,47.7
21145,42.1
21147,38.6
21149,42.2
21151,33.6
21153,39.4
21155,38.2
21157,43.9
21159,38.6
21161,40.8
21163,35.6
21165,41.6
21167,42.3
21169,41.9
21171,42.1
21173,37.3
21175,38.6
21177,41.0
21179,37.5
21181,39.4
21183,39.0
21185,39.2
21187,40.6
21189,43.9
21191,39.4
21193,41.2
21195,40.5
21197,37.9
21199,40.9
21201,38.6
21203,41.3
21205,32.0
21207,41.2
21209,35.2
21211,38.2
21213,38.4
21215,39.4
21217,40.2
21219,38.0
21221,44.3
21223,39.5
21225,36.6
21227,32.7
21229,40.9
21231,40.9
21233,39.7
21235,37.9
21237,41.3
21239,41.7
22001,35.6
22003,38.5
22005,34.4
22007,38.8
22009,38.5
22011,37.4
22013,41.3
22015,34.6
22017,36.3
22019,35.9
22021,40.4
22023,40.3
22025,37.3
22027,41.8
22029,37.5
22031,39.9
22033,32.7
22035,33.1
22037,40.6
22039,35.7
22041,38.8
22043,37.4
22045,35.6
22047,38.1
22049,39.1
22051,38.5
22053,38.0
22055,33.6
22057,36.7
22059,38.3
22061,27.8
22063,34.7
22065,34.9
22067,38.1
22069,33.3
22071,34.9
22073,34.2
22075,36.6
22077,42.5
22079,37.4
22081,38.3
22083,38.2
22085,40.9
22087,33.2
22089,36.7
22091,39.2
22093,38.6
22095,35.3
22097,36.9
22099,36.0
22101,37.4
22103,39.4
22105,33.5
22107,41.9
22109,35.1
22111,40.9
22113,36.7
22115,30.0
22117,38.8
22119,40.4
22121,35.8
22123,40.1
22125,42.2
22127,39.9
23001,39.8
23003,45.2
23005,41.1
23007,43.3
23009,46.3
23011,42.7
23013,46.6
23015,48.1
23017,44.4
23019,40.0
23021,48.1
23023,43.8
23025,43.9
23027,44.2
23029,45.9
23031,43.0
24001,41.0
24003,38.4
24005,39.0
24009,39.8
24011,38.9
24013,41.1
24015,39.0
24017,37.2
24019,42.9
24021,38.5
24023,42.9
24025,39.5
24027,38.3
24029,45.3
24031,38.4
24033,35.0
24035,42.2
24037,36.0
24039,36.9
24041,47.3
24043,39.8
24045,35.6
24047,48.1
24510,34.4
25001,49.9
25003,44.6
25005,39.9
25007,45.4
25009,40.4
25011,44.3
25013,38.8
25015,36.2
25017,38.5
25019,38.8
25021,40.6
25023,41.1
25025,31.6
25027,39.2
26001,55.3
26003,47.5
26005,39.0
26007,45.8
26009,48.0
26011,46.7
26013,43.3
26015,41.3
26017,41.5
26019,46.4
26021,40.8
26023,40.0
26025,39.2
26027,42.5
26029,45.3
26031,47.1
26033,39.1
26035,45.5
26037,38.5
26039,47.5
26041,45.5
26043,45.4
26045,40.4
26047,43.1
26049,38.4
26051,47.5
26053,46.8
26055,40.8
26057,38.5
26059,40.8
26061,33.1
26063,46.8
26065,31.3
26067,36.5
26069,51.1
26071,51.6
26073,25.3
26075,39.5
26077,34.0
26079,43.2
26081,34.3
26083,51.8
26085,50.0
26087,41.6
26089,50.5
26091,40.2
26093,40.9
26095,43.5
26097,49.1
26099,40.0
26101,47.1
26103,39.5
26105,45.1
26107,34.1
26109,46.2
26111,40.3
26113,41.9
26115,40.3
26117,39.0
26119,52.3
26121,38.5
26123,40.7
26125,40.2
26127,42.0
26129,47.5
26131,53.1
26133,41.7
26135,49.8
26137,42.7
26139,34.6
26141,51.6
26143,53.3
26145,39.6
26147,41.3
26149,38.6
26151,42.7
26153,48.3
26155,40.4
26157,41.6
26159,40.1
26161,33.1
26163,37.2
26165,40.8
27001,51.8
27003,37.1
27005,42.6
27007,33.5
27009,34.1
27011,48.7
27013,29.9
27015,43.1
27017,41.0
27019,36.3
27021,47.0
27023,42.7
27025,38.6
27027,32.1
27029,42.3
27031,49.8
27033,43.6
27035,42.7
27037,36.8
27039,37.0
27041,43.6
27043,45.9
27045,42.9
27047,44.4
27049,41.9
27051,46.4
27053,35.9
27055,44.0
27057,47.1
27059,37.9
27061,45.2
27063,44.4
27065,42.1
27067,39.8
27069,47.8
27071,46.2
27073,49.1
27075,48.4
27077,48.5
27079,40.2
27081,46.5
27083,34.4
27085,39.1
27087,37.2
27089,44.2
27091,45.6
27093,41.4
27095,39.5
27097,40.6
27099,38.6
27101,47.0
27103,33.3
27105,36.7
27107,45.1
27109,36.3
27111,46.0
27113,39.5
27115,42.4
27117,42.6
27119,40.3
27121,45.8
27123,34.6
27125,41.6
27127,42.6
27129,43.9
27131,34.9
27133,41.4
27135,40.3
27137,40.8
27139,34.9
27141,34.3
27143,40.6
27145,33.4
27147,38.8
27149,34.3
27151,44.4
27153,41.9
27155,47.6
27157,43.0
27159,43.4
27161,39.3
27163,38.2
27165,40.4
27167,42.8
27169,33.1
27171,34.6
27173,42.7
28001,40.4
28003,39.4
28005,44.3
28007,39.9
28009,40.2
28011,34.2
28013,39.3
28015,42.3
28017,38.4
28019,42.4
28021,31.7
28023,40.8
28025,38.8
28027,32.8
28029,36.4
28031,37.2
28033,35.1
28035,31.1
28037,41.4
28039,36.3
28041,36.3
28043,39.3
28045,40.5
28047,35.4
28049,33.0
28051,32.2
28053,35.1
28055,40.2
28057,39.1
28059,37.0
28061,41.2
28063,38.6
28065,41.4
28067,36.8
28069,37.4
28071,27.3
28073,33.1
28075,36.9
28077,40.1
28079,32.7
28081,35.9
28083,32.5
28085,37.5
28087,36.2
28089,36.1
28091,37.8
28093,38.5
28095,39.2
28097,41.1
28099,35.3
28101,37.8
28103,36.5
28105,25.2
28107,36.0
28109,39.2
28111,39.4
28113,37.1
28115,36.0
28117,38.7
28119,38.5
28121,36.2
28123,35.0
28125,38.2
28127,38.1
28129,39.2
28131,35.5
28133,33.4
28135,35.4
28137,36.2
28139,38.1
28141,42.5
28143,32.2
28145,37.1
28147,36.8
28149,37.9
28151,35.2
28153,37.5
28155,40.5
28157,36.2
28159,39.4
28161,40.2
28163,35.4
29001,29.1
29003,41.9
29005,46.1
29007,38.6
29009,41.8
29011,40.5
29013,41.5
29015,51.5
29017,42.5
29019,29.6
29021,36.6
29023,40.6
29025,41.7
29027,37.6
29029,48.7
29031,36.3
29033,41.8
29035,40.3
29037,38.3
29039,44.6
29041,45.3
29043,36.7
29045,43.1
29047,36.4
29049,40.6
29051,37.8
29053,37.6
29055,40.2
29057,46.3
29059,41.7
29061,40.3
29063,40.2
29065,42.9
29067,44.9
29069,39.5
29071,39.4
29073,45.1
29075,42.1
29077,35.6
29079,41.8
29081,42.6
29083,43.9
29085,52.7
29087,46.1
29089,39.7
29091,39.6
29093,42.8
29095,36.2
29097,35.1
29099,37.7
29101,29.7
29103,43.9
29105,39.1
29107,40.3
29109,39.3
29111,38.7
29113,35.6
29115,43.0
29117,41.5
29119,36.5
29121,42.1
29123,41.2
29125,43.1
29127,39.3
29129,43.7
29131,40.3
29133,39.8
29135,37.4
29137,44.0
29139,42.9
29141,47.0
29143,39.7
29145,39.1
29147,28.1
29149,45.1
29151,39.2
29153,49.5
29155,36.9
29157,39.5
29159,37.3
29161,34.0
29163,39.8
29165,38.5
29167,38.1
29169,26.6
29171,45.2
29173,44.2
29175,37.9
29177,40.0
29179,44.8
29181,41.9
29183,37.0
29185,48.6
29186,42.6
29187,38.7
29189,39.8
29195,38.0
29197,41.4
29199,39.4
29201,38.9
29203,44.2
29205,43.4
29207,41.4
29209,49.7
29211,40.2
29213,41.1
29215,41.9
29217,40.3
29219,39.7
29221,40.1
29223,45.9
29225,37.6
29227,47.5
29229,40.6
29510,34.0
30001,44.0
30003,30.1
30005,35.0
30007,45.6
30009,48.0
30011,51.5
30013,38.7
30015,41.5
30017,41.7
30019,51.7
30021,42.1
30023,46.2
30025,40.8
30027,48.1
30029,41.2
30031,32.4
30033,48.0
30035,31.4
30037,50.2
30039,51.8
30041,35.2
30043,46.8
30045,51.3
30047,41.0
30049,40.7
30051,47.6
30053,49.2
30055,47.1
30057,50.0
30059,46.9
30061,49.6
30063,34.3
30065,48.2
30067,45.9
30069,47.6
30071,48.4
30073,42.9
30075,47.4
30077,45.4
30079,56.3
30081,46.3
30083,40.5
30085,30.9
30087,37.3
30089,49.9
30091,48.2
30093,41.7
30095,46.0
30097,43.1
30099,45.6
30101,42.8
30103,51.9
30105,45.8
30107,48.5
30109,50.2
30111,38.5
31001,37.8
31003,46.5
31005,37.4
31007,45.2
31009,41.3
31011,45.7
31013,40.5
31015,50.8
31017,46.7
31019,32.3
31021,47.2
31023,44.4
31025,40.9
31027,44.5
31029,43.7
31031,47.1
31033,40.3
31035,43.8
31037,34.4
31039,43.4
31041,44.7
31043,32.8
31045,34.9
31047,36.5
31049,49.1
31051,41.0
31053,40.2
31055,33.6
31057,47.4
31059,45.9
31061,48.8
31063,44.8
31065,47.1
31067,43.6
31069,51.4
31071,49.1
31073,45.4
31075,47.3
31077,46.1
31079,35.6
31081,42.9
31083,49.9
31085,45.5
31087,49.1
31089,45.9
31091,47.8
31093,43.2
31095,47.0
31097,43.7
31099,41.9
31101,48.2
31103,53.7
31105,46.8
31107,46.6
31109,32.6
31111,38.7
31113,50.5
31115,47.5
31117,49.0
31119,37.2
31121,43.3
31123,43.1
31125,44.9
31127,41.5
31129,49.3
31131,42.7
31133,49.3
31135,45.1
31137,43.9
31139,41.9
31141,38.7
31143,45.1
31145,42.4
31147,47.7
31149,49.4
31151,36.0
31153,33.0
31155,41.9
31157,38.7
31159,38.3
31161,46.6
31163,48.6
31165,47.5
31167,39.0
31169,48.8
31171,38.9
31173,28.6
31175,47.3
31177,41.0
31179,29.4
31181,47.5
31183,47.3
31185,42.2
32001,39.2
32003,35.5
32005,47.3
32007,33.4
32009,51.8
32011,38.5
32013,36.6
32015,35.4
32017,35.9
32019,40.6
32021,50.4
32023,48.8
32027,39.9
32029,52.8
32031,37.0
32033,42.0
32510,41.6
33001,44.5
33003,48.2
33005,41.1
33007,46.6
33009,41.2
33011,39.2
33013,41.5
33015,42.3
33017,36.7
33019,44.2
34001,40.1
34003,41.2
34005,40.3
34007,37.7
34009,47.3
34011,36.8
34013,36.3
34015,38.7
34017,34.2
34019,43.4
34021,37.8
34023,37.2
34025,41.4
34027,41.2
34029,42.7
34031,36.2
34033,40.9
34035,40.2
34037,41.8
34039,37.9
34041,41.4
35001,36.0
35003,57.6
35005,34.8
35006,37.2
35007,46.3
35009,31.6
35011,47.0
35013,32.4
35015,37.0
35017,45.8
35019,40.1
35021,53.8
35023,40.2
35025,31.6
35027,49.2
35028,44.0
35029,38.4
35031,30.3
35033,46.3
35035,36.1
35037,45.5
35039,39.1
35041,29.9
35043,38.1
35045,32.8
35047,41.4
35049,43.0
35051,53.8
35053,35.8
35055,45.4
35057,40.8
35059,40.5
35061,37.4
36001,38.2
36003,37.8
36005,32.7
36007,40.2
36009,40.8
36011,41.6
36013,40.6
36015,40.9
36017,42.9
36019,39.1
36021,45.3
36023,35.8
36025,45.3
36027,40.2
36029,40.3
36031,44.6
36033,39.3
36035,41.7
36037,41.6
36039,44.0
36041,51.0
36043,42.3
36045,32.3
36047,34.1
36049,40.3
36051,39.7
36053,39.3
36055,38.4
36057,40.9
36059,41.2
36061,36.4
36063,41.8
36065,40.9
36067,38.7
36069,42.3
36071,36.7
36073,40.9
36075,38.6
36077,40.4
36079,41.7
36081,37.3
36083,39.6
36085,38.6
36087,36.8
36089,37.2
36091,40.8
36093,40.0
36095,42.4
36097,44.3
36099,41.2
36101,41.3
36103,39.8
36105,41.8
36107,42.8
36109,29.8
36111,42.1
36113,44.2
36115,42.2
36117,41.8
36119,40.1
36121,40.7
36123,40.4
37001,38.5
37003,41.1
37005,46.0
37007,39.5
37009,45.4
37011,42.2
37013,44.0
37015,43.1
37017,41.0
37019,47.6
37021,40.7
37023,41.4
37025,36.7
37027,41.2
37029,40.1
37031,45.7
37033,43.6
37035,39.7
37037,44.1
37039,48.3
37041,44.7
37043,49.6
37045,40.5
37047,40.4
37049,36.5
37051,30.9
37053,41.0
37055,43.5
37057,40.4
37059,42.6
37061,37.4
37063,33.4
37065,40.0
37067,37.3
37069,39.8
37071,38.8
37073,42.4
37075,42.7
37077,39.9
37079,38.1
37081,36.4
37083,41.9
37085,33.5
37087,45.7
37089,45.3
37091,40.9
37093,30.8
37095,40.0
37097,39.0
37099,36.6
37101,36.6
37103,44.4
37105,37.6
37107,41.0
37109,40.8
37111,41.8
37113,48.4
37115,43.6
37117,44.1
37119,34.0
37121,45.3
37123,39.7
37125,45.1
37127,40.3
37129,37.4
37131,45.4
37133,25.8
37135,33.3
37137,48.0
37139,36.3
37141,41.2
37143,46.3
37145,41.5
37147,30.9
37149,49.5
37151,39.6
37153,38.9
37155,34.3
37157,42.2
37159,39.1
37161,42.1
37163,38.2
37165,37.8
37167,40.5
37169,42.5
37171,41.1
37173,40.9
37175,49.4
37177,44.2
37179,36.3
37181,38.4
37183,34.5
37185,45.1
37187,43.6
37189,28.1
37191,36.7
37193,42.4
37195,38.8
37197,41.8
37199,45.3
38001,50.2
38003,44.0
38005,32.0
38007,49.3
38009,47.4
38011,46.3
38013,46.2
38015,37.3
38017,31.7
38019,50.7
38021,41.8
38023,51.7
38025,43.3
38027,48.4
38029,50.5
38031,45.7
38033,43.0
38035,29.5
38037,49.7
38039,52.0
38041,50.9
38043,48.5
38045,48.6
38047,51.1
38049,45.4
38051,53.1
38053,37.6
38055,49.2
38057,46.8
38059,39.9
38061,36.9
38063,51.4
38065,44.0
38067,47.1
38069,47.4
38071,42.3
38073,44.5
38075,45.8
38077,39.9
38079,30.4
38081,45.8
38083,53.4
38085,26.2
38087,49.3
38089,38.0
38091,47.8
38093,41.9
38095,48.8
38097,42.2
38099,45.6
38101,32.5
38103,51.4
38105,37.6
39001,39.8
39003,38.1
39005,39.5
39007,41.1
39009,26.4
39011,40.2
39013,43.5
39015,39.9
39017,36.1
39019,43.2
39021,39.7
39023,40.6
39025,38.6
39027,38.4
39029,42.3
39031,41.3
39033,42.2
39035,40.2
39037,40.8
39039,39.1
39041,37.2
39043,43.3
39045,38.2
39047,39.4
39049,33.5
39051,39.6
39053,39.8
39055,43.3
39057,37.0
39059,40.8
39061,37.1
39063,38.4
39065,34.8
39067,44.2
39069,39.6
39071,39.0
39073,41.9
39075,29.7
39077,37.6
39079,39.1
39081,43.9
39083,39.0
39085,42.5
39087,40.0
39089,39.1
39091,39.6
39093,40.1
39095,37.1
39097,39.0
39099,42.9
39101,40.0
39103,40.5
39105,41.5
39107,39.4
39109,40.8
39111,45.0
39113,39.2
39115,43.2
39117,39.6
39119,39.6
39121,44.5
39123,46.5
39125,40.5
39127,38.3
39129,38.4
39131,39.8
39133,37.4
39135,41.0
39137,38.8
39139,41.0
39141,39.8
39143,40.9
39145,38.7
39147,38.8
39149,38.3
39151,41.2
39153,40.2
39155,42.8
39157,40.8
39159,36.8
39161,40.2
39163,39.5
39165,37.5
39167,42.7
39169,38.4
39171,40.6
39173,35.1
39175,41.4
40001,36.8
40003,46.0
40005,39.3
40007,40.9
40009,35.1
40011,40.4
40013,36.8
40015,38.1
40017,35.7
40019,38.3
40021,34.5
40023,40.6
40025,44.3
40027,32.7
40029,40.5
40031,31.5
40033,40.2
40035,42.0
40037,40.1
40039,31.1
40041,44.9
40043,42.3
40045,44.8
40047,37.5
40049,39.7
40051,38.2
40053,45.1
40055,42.1
40057,41.2
40059,40.5
40061,39.6
40063,39.9
40065,34.3
40067,41.6
40069,39.4
40071,39.3
40073,38.3
40075,41.8
40077,39.9
40079,38.5
40081,40.4
40083,37.4
40085,41.0
40087,38.2
40089,38.8
40091,46.7
40093,43.6
40095,42.7
40097,39.2
40099,41.4
40101,38.0
40103,40.1
40105,41.5
40107,40.3
40109,34.3
40111,38.7
40113,41.6
40115,38.7
40117,41.7
40119,27.2
40121,41.2
40123,35.5
40125,37.3
40127,44.4
40129,41.8
40131,38.5
40133,39.2
40135,38.9
40137,40.1
40139,31.0
40141,40.5
40143,35.3
40145,38.0
40147,41.0
40149,39.3
40151,35.6
40153,37.2
41001,48.1
41003,32.1
41005,40.6
41007,43.5
41009,41.5
41011,47.2
41013,45.7
41015,53.2
41017,40.4
41019,46.1
41021,50.2
41023,50.0
41025,46.1
41027,37.8
41029,42.0
41031,40.1
41033,47.1
41035,41.6
41037,48.0
41039,38.8
41041,49.6
41043,39.0
41045,36.2
41047,35.1
41049,36.6
41051,35.9
41053,37.4
41055,46.7
41057,47.9
41059,35.7
41061,40.1
41063,50.8
41065,41.8
41067,35.4
41069,56.0
41071,37.1
42001,41.3
42003,41.2
42005,44.6
42007,44.2
42009,43.8
42011,39.4
42013,42.1
42015,43.1
42017,41.9
42019,41.3
42021,43.7
42023,47.9
42025,44.0
42027,28.9
42029,39.4
42031,39.6
42033,42.8
42035,38.7
42037,39.7
42039,41.7
42041,40.5
42043,39.2
42045,38.8
42047,45.1
42049,38.5
42051,43.3
42053,43.1
42055,40.2
42057,42.0
42059,41.3
42061,41.5
42063,38.2
42065,43.0
42067,41.1
42069,42.1
42071,38.0
42073,43.7
42075,40.8
42077,39.3
42079,42.7
42081,41.2
42083,41.8
42085,42.8
42087,42.5
42089,40.0
42091,40.6
42093,43.7
42095,40.9
42097,43.2
42099,41.0
42101,33.5
42103,43.8
42105,44.8
42107,43.2
42109,39.2
42111,44.4
42113,49.7
42115,45.1
42117,42.3
42119,38.4
42121,44.4
42123,45.1
42125,43.5
42127,45.6
42129,45.1
42131,42.0
42133,40.1
44001,43.0
44003,42.6
44005,43.5
44007,37.0
44009,41.9
45001,42.4
45003,40.1
45005,38.3
45007,40.0
45009,38.9
45011,38.9
45013,41.2
45015,34.6
45017,43.9
45019,35.8
45021,38.2
45023,40.3
45025,39.2
45027,41.9
45029,41.0
45031,39.3
45033,37.5
45035,35.6
45037,40.6
45039,42.5
45041,37.5
45043,45.6
45045,37.2
45047,38.3
45049,38.9
45051,41.4
45053,35.5
45055,40.8
45057,40.1
45059,40.1
45061,38.4
45063,37.7
45065,49.9
45067,39.1
45069,39.1
45071,39.9
45073,43.2
45075,37.9
45077,34.8
45079,32.8
45081,40.4
45083,38.0
45085,35.6
45087,42.4
45089,40.6
45091,37.2
46003,41.7
46005,41.0
46007,27.8
46009,43.5
46011,26.1
46013,39.4
46015,41.5
46017,26.4
46019,40.1
46021,50.5
46023,39.0
46025,45.4
46027,25.5
46029,38.2
46031,29.8
46033,50.5
46035,38.4
46037,47.7
46039,43.6
46041,29.1
46043,48.1
46045,45.9
46047,51.2
46049,45.6
46051,45.0
46053,48.4
46055,48.0
46057,37.4
46059,49.3
46061,35.6
46063,40.6
46065,40.6
46067,46.9
46069,42.6
46071,33.8
46073,49.3
46075,40.2
46077,46.8
46079,41.2
46081,41.2
46083,33.2
46085,36.8
46087,42.4
46089,50.1
46091,43.0
46093,36.1
46095,31.5
46097,47.1
46099,34.7
46101,40.3
46103,36.7
46105,49.5
46107,50.2
46109,39.7
46111,45.8
46115,44.2
46117,43.5
46119,47.2
46121,22.9
46123,44.0
46125,43.7
46127,40.4
46129,46.8
46135,41.1
46137,26.3
47001,42.4
47003,36.5
47005,46.0
47007,42.2
47009,41.6
47011,38.3
47013,41.8
47015,40.4
47017,42.0
47019,42.3
47021,39.5
47023,37.6
47025,41.5
47027,45.1
47029,42.8
47031,38.8
47033,40.3
47035,48.3
47037,33.9
47039,44.3
47041,40.2
47043,38.4
47045,39.5
47047,41.8
47049,42.4
47051,41.6
47053,40.1
47055,42.2
47057,42.1
47059,42.6
47061,41.8
47063,39.1
47065,39.1
47067,42.3
47069,39.7
47071,42.9
47073,42.3
47075,39.9
47077,39.5
47079,44.1
47081,40.4
47083,41.3
47085,40.7
47087,44.5
47089,40.5
47091,43.5
47093,37.2
47095,39.7
47097,36.2
47099,39.8
47101,41.1
47103,41.9
47105,45.9
47107,41.0
47109,42.0
47111,38.3
47113,36.8
47115,42.3
47117,39.3
47119,37.9
47121,43.2
47123,41.5
47125,30.2
47127,43.2
47129,40.0
47131,41.2
47133,41.3
47135,43.1
47137,47.3
47139,42.5
47141,35.9
47143,40.0
47145,44.9
47147,37.7
47149,32.4
47151,37.9
47153,40.6
47155,41.2
47157,34.5
47159,40.2
47161,42.8
47163,43.5
47165,38.7
47167,37.2
47169,38.0
47171,44.7
47173,40.1
47175,43.5
47177,38.7
47179,39.6
47181,41.7
47183,36.8
47185,41.4
47187,38.5
47189,39.3
48001,38.8
48003,33.8
48005,36.2
48007,48.3
48009,42.9
48011,44.8
48013,35.8
48015,40.4
48017,33.9
48019,48.5
48021,38.3
48023,50.2
48025,35.4
48027,29.7
48029,32.9
48031,46.1
48033,40.0
48035,45.6
48037,37.6
48039,35.2
48041,24.5
48043,40.6
48045,43.9
48047,32.0
48049,39.6
48051,41.6
48053,44.0
48055,35.1
48057,38.2
48059,42.2
48061,30.6
48063,38.0
48065,40.6
48067,43.8
48069,33.8
48071,36.2
48073,37.7
48075,35.2
48077,44.8
48079,34.2
48081,48.6
48083,45.8
48085,35.1
48087,36.7
48089,43.1
48091,42.7
48093,43.4
48095,40.9
48097,38.8
48099,29.9
48101,49.4
48103,38.0
48105,38.1
48107,37.6
48109,38.1
48111,31.4
48113,32.5
48115,33.4
48117,31.1
48119,43.6
48121,33.0
48123,42.7
48125,45.4
48127,37.0
48129,40.7
48131,37.2
48133,41.2
48135,31.2
48137,45.1
48139,35.0
48141,31.2
48143,30.9
48145,39.0
48147,40.4
48149,47.2
48151,42.1
48153,38.2
48155,44.4
48157,35.1
48159,42.5
48161,41.4
48163,31.8
48165,29.2
48167,37.3
48169,38.4
48171,49.8
48173,39.8
48175,44.6
48177,36.9
48179,38.4
48181,39.4
48183,35.4
48185,39.1
48187,36.5
48189,32.4
48191,43.5
48193,46.6
48195,36.5
48197,42.3
48199,38.4
48201,32.2
48203,37.0
48205,39.2
48207,43.5
48209,30.4
48211,36.3
48213,42.7
48215,28.3
48217,41.2
48219,32.9
48221,46.2
48223,39.1
48225,44.0
48227,37.5
48229,36.1
48231,37.6
48233,37.2
48235,39.3
48237,39.4
48239,39.0
48241,40.3
48243,50.2
48245,36.0
48247,38.3
48249,34.5
48251,36.2
48253,39.5
48255,36.9
48257,35.3
48259,43.1
48261,45.1
48263,45.6
48265,47.3
48267,51.3
48269,53.9
48271,46.4
48273,28.7
48275,41.4
48277,40.1
48279,36.1
48281,40.3
48283,33.9
48285,45.2
48287,40.7
48289,45.0
48291,36.1
48293,38.9
48295,36.3
48297,42.8
48299,55.3
48301,47.0
48303,30.4
48305,40.6
48307,40.8
48309,32.8
48311,41.9
48313,34.3
48315,48.8
48317,35.1
48319,49.8
48321,38.1
48323,30.1
48325,37.9
48327,43.7
48329,33.3
48331,40.6
48333,47.2
48335,35.4
48337,42.6
48339,36.2
48341,30.8
48343,43.0
48345,43.0
48347,29.7
48349,37.1
48351,40.4
48353,38.2
48355,35.0
48357,31.1
48359,39.3
48361,38.7
48363,40.3
48365,39.3
48367,38.9
48369,32.2
48371,36.1
48373,43.2
48375,32.8
48377,39.0
48379,45.9
48381,35.3
48383,34.4
48385,51.8
48387,44.5
48389,36.4
48391,43.7
48393,41.9
48395,40.7
48397,35.8
48399,43.1
48401,39.3
48403,50.2
48405,47.6
48407,43.0
48409,35.8
48411,41.7
48413,36.1
48415,37.2
48417,43.1
48419,37.9
48421,35.4
48423,35.8
48425,39.4
48427,29.0
48429,40.5
48431,43.5
48433,45.8
48435,35.3
48437,36.4
48439,33.4
48441,32.6
48443,47.1
48445,35.5
48447,49.2
48449,32.8
48451,34.2
48453,32.0
48455,46.5
48457,42.2
48459,40.4
48461,37.1
48463,35.2
48465,32.6
48467,42.3
48469,36.2
48471,35.0
48473,32.3
48475,36.5
48477,41.1
48479,27.8
48481,37.3
48483,40.5
48485,34.1
48487,37.8
48489,31.9
48491,34.4
48493,39.8
48495,34.4
48497,38.5
48499,47.5
48501,31.8
48503,42.4
48505,27.9
48507,31.1
49001,31.5
49003,30.9
49005,25.5
49007,34.6
49009,48.2
49011,29.4
49013,29.8
49015,33.0
49017,40.8
49019,40.0
49021,26.6
49023,29.6
49025,45.5
49027,34.0
49029,31.9
49031,42.2
49033,33.0
49035,30.8
49037,30.2
49039,28.9
49041,32.9
49043,36.7
49045,29.5
49047,29.4
49049,24.5
49051,31.9
49053,32.5
49055,36.9
49057,30.9
50001,41.8
50003,45.1
50005,42.3
50007,36.4
50009,46.7
50011,39.6
50013,45.8
50015,40.1
50017,43.5
50019,43.9
50021,44.3
50023,42.5
50025,44.9
50027,45.5
51001,44.5
51003,38.2
51005,46.1
51007,41.6
51009,42.4
51011,42.3
51013,33.7
51015,43.3
51017,45.4
51019,44.0
51021,44.2
51023,45.0
51025,41.0
51027,43.9
51029,41.4
51031,41.4
51033,38.6
51035,45.0
51036,47.1
51037,43.5
51041,37.5
51043,44.7
51045,45.0
51047,37.9
51049,41.8
51051,43.5
51053,40.8
51057,43.8
51059,37.5
51061,41.0
51063,44.2
51065,41.1
51067,44.3
51069,39.2
51071,43.0
51073,41.9
51075,45.3
51077,47.0
51079,39.5
51081,42.1
51083,44.6
51085,41.2
51087,37.5
51089,44.5
51091,56.5
51093,43.7
51095,44.9
51097,44.7
51099,36.5
51101,39.3
51103,54.2
51105,41.4
51107,34.8
51109,43.1
51111,43.8
51113,44.7
51115,50.3
51117,45.9
51119,51.2
51121,26.5
51125,47.7
51127,42.0
51131,47.3
51133,53.5
51135,43.0
51137,42.7
51139,43.0
51141,46.1
51143,44.3
51145,42.1
51147,33.4
51149,37.6
51153,33.5
51155,44.2
51157,48.0
51159,43.2
51161,42.9
51163,46.8
51165,40.3
51167,42.9
51169,44.7
51171,42.7
51173,43.3
51175,43.9
51177,36.4
51179,34.5
51181,45.3
51183,40.5
51185,43.4
51187,39.8
51191,43.2
51193,46.5
51195,39.5
51197,42.9
51199,39.6
51510,35.7
51520,40.8
51530,38.0
51540,28.1
51550,36.7
51570,41.6
51580,43.8
51590,42.7
51595,39.2
51600,38.5
51610,36.9
51620,40.1
51630,28.8
51640,44.7
51650,35.5
51660,22.7
51670,35.9
51678,21.7
51680,30.3
51683,32.3
51685,31.0
51690,44.1
51700,32.3
51710,29.6
51720,39.8
51730,39.8
51735,43.3
51740,35.3
51750,21.9
51760,32.2
51770,38.4
51775,39.8
51790,42.6
51800,38.2
51810,34.8
51820,38.2
51830,24.1
51840,35.6
53001,29.2
53003,43.3
53005,35.7
53007,39.8
53009,49.0
53011,36.8
53013,48.9
53015,40.1
53017,36.8
53019,47.0
53021,28.4
53023,52.6
53025,32.1
53027,42.0
53029,43.6
53031,53.8
53033,37.1
53035,39.3
53037,32.4
53039,45.3
53041,42.0
53043,47.8
53045,44.5
53047,42.2
53049,50.7
53051,47.6
53053,35.7
53055,52.9
53057,40.2
53059,44.5
53061,37.2
53063,36.8
53065,45.1
53067,38.3
53069,48.8
53071,37.0
53073,36.5
53075,24.1
53077,32.4
54001,41.4
54003,37.6
54005,41.2
54007,43.4
54009,44.9
54011,39.0
54013,45.4
54015,41.9
54017,41.9
54019,42.3
54021,38.8
54023,44.0
54025,44.8
54027,42.7
54029,45.1
54031,42.1
54033,41.7
54035,41.5
54037,39.2
54039,42.3
54041,44.0
54043,41.3
54045,42.2
54047,44.0
54049,41.3
54051,44.0
54053,42.2
54055,42.1
54057,42.1
54059,41.7
54061,29.3
54063,44.9
54065,44.9
54067,43.9
54069,43.2
54071,47.6
54073,42.1
54075,47.5
54077,41.7
54079,41.2
54081,40.7
54083,43.6
54085,44.4
54087,43.3
54089,46.2
54091,42.4
54093,46.2
54095,45.1
54097,41.3
54099,41.7
54101,44.7
54103,44.9
54105,43.9
54107,41.8
54109,42.4
55001,48.9
55003,41.0
55005,42.7
55007,49.3
55009,36.2
55011,44.0
55013,49.3
55015,38.2
55017,40.2
55019,37.1
55021,41.3
55023,44.5
55025,34.4
55027,40.6
55029,49.6
55031,40.0
55033,33.6
55035,33.2
55037,48.5
55039,40.3
55041,44.0
55043,36.5
55045,41.3
55047,44.4
55049,41.4
55051,51.0
55053,41.6
55055,38.1
55057,43.2
55059,36.5
55061,41.8
55063,35.3
55065,41.0
55067,46.1
55069,44.8
55071,43.3
55073,39.2
55075,45.8
55077,47.2
55078,32.6
55079,33.7
55081,38.7
55083,43.8
55085,48.2
55087,37.3
55089,43.0
55091,43.8
55093,34.6
55095,42.8
55097,35.8
55099,48.8
55101,39.0
55103,42.9
55105,38.3
55107,46.1
55109,36.8
55111,39.9
55113,47.2
55115,43.2
55117,40.2
55119,41.8
55121,40.9
55123,41.6
55125,50.9
55127,37.9
55129,47.6
55131,40.9
55133,42.2
55135,43.4
55137,46.3
55139,37.8
55141,42.5
56001,26.8
56003,41.8
56005,31.8
56007,39.4
56009,40.0
56011,44.2
56013,38.3
56015,42.8
56017,49.0
56019,44.9
56021,37.3
56023,37.5
56025,36.7
56027,44.5
56029,43.7
56031,47.8
56033,42.5
56035,38.2
56037,32.9
56039,36.6
56041,34.3
56043,41.6
56045,41.7
