fips_code,obesity_percent
01001,30.9
01003,26.7
01005,40.8
01007,40.1
01009,32.4
01011,44.5
01013,36.0
01015,32.0
01017,39.8
01019,32.7
01021,37.1
01023,38.7
01025,36.1
01027,37.7
01029,30.0
01031,30.2
01033,36.6
01035,37.2
01037,38.8
01039,31.6
01041,36.6
01043,34.7
01045,36.2
01047,42.4
01049,30.6
01051,30.3
01053,39.4
01055,34.7
01057,32.4
01059,34.2
01061,34.7
01063,45.9
01065,35.9
01067,35.2
01069,33.6
01071,30.6
01073,33.7
01075,32.5
01077,31.6
01079,36.3
01081,29.5
01083,33.5
01085,46.4
01087,42.4
01089,31.2
01091,41.3
01093,34.9
01095,35.0
01097,36.1
01099,37.2
01101,33.6
01103,32.2
01105,37.8
01107,37.4
01109,34.1
01111,33.2
01113,34.8
01115,33.1
01117,31.3
01119,39.6
01121,37.6
01123,36.5
01125,32.7
01127,32.9
01129,36.0
01131,44.4
01133,28.7
02013,31.1
02016,36.2
02020,27.0
02050,31.6
02060,34.1
02068,24.7
02070,35.3
02090,28.6
02100,26.5
02105,31.5
02110,27.0
02122,28.0
02130,29.3
02150,29.3
02164,32.4
02170,28.9
02180,33.3
02185,35.3
02188,32.5
02195,29.8
02198,35.3
02220,27.0
02230,30.6
02240,33.0
02261,30.4
02275,29.4
02282,32.1
02290,26.5
04001,32.8
04003,24.7
04005,21.5
04007,26.8
04009,31.8
04011,33.4
04012,31.5
04013,22.2
04015,28.1
04017,30.9
04019,21.7
04021,29.9
04023,21.2
04025,24.7
04027,30.4
05001,34.0
05003,39.8
05005,29.0
05007,28.4
05009,29.2
05011,37.1
05013,35.0
05015,36.2
05017,39.2
05019,31.8
05021,32.7
05023,31.2
05025,36.7
05027,38.1
05029,39.1
05031,36.4
05033,36.1
05035,38.4
05037,37.7
05039,36.2
05041,38.8
05043,30.8
05045,28.9
05047,36.8
05049,32.0
05051,31.0
05053,36.6
05055,34.1
05057,41.2
05059,32.5
05061,37.3
05063,34.0
05065,33.0
05067,40.1
05069,39.0
05071,34.7
05073,34.0
05075,33.3
05077,35.2
05079,35.7
05081,33.1
05083,35.3
05085,33.9
05087,32.9
05089,30.8
05091,33.5
05093,37.7
05095,37.1
05097,33.1
05099,34.3
05101,36.7
05103,37.8
05105,36.1
05107,41.5
05109,37.3
05111,40.4
05113,32.0
05115,32.8
05117,35.3
05119,31.5
05121,35.3
05123,40.4
05125,31.5
05127,31.3
05129,31.8
05131,35.2
05133,39.8
05135,33.4
05137,35.1
05139,35.5
05141,35.0
05143,29.2
05145,35.4
05147,36.1
05149,35.2
06001,20.0
06003,23.7
06005,26.6
06007,25.2
06009,25.3
06011,23.7
06013,22.9
06015,27.2
06017,19.4
06019,28.8
06021,28.3
06023,24.5
06025,25.0
06027,22.9
06029,28.5
06031,24.9
06033,26.6
06035,24.9
06037,21.0
06039,26.7
06041,18.1
06043,23.4
06045,23.2
06047,29.3
06049,24.6
06051,22.2
06053,23.7
06055,24.3
06057,20.0
06059,19.8
06061,22.7
06063,24.0
06065,25.5
06067,26.6
06069,23.9
06071,28.7
06073,20.2
06075,14.8
06077,29.4
06079,21.8
06081,20.1
06083,19.0
06085,19.5
06087,20.6
06089,27.2
06091,23.8
06093,22.9
06095,29.5
06097,21.6
06099,32.4
06101,28.0
06103,28.8
06105,26.5
06107,29.5
06109,20.6
06111,20.6
06113,20.2
06115,25.9
08001,25.8
08003,22.8
08005,21.0
08007,16.2
08009,20.6
08011,24.4
08013,13.3
08014,18.2
08015,19.1
08017,24.5
08019,16.9
08021,21.5
08023,21.4
08025,22.6
08027,20.7
08029,21.5
08031,17.0
08033,21.1
08035,16.9
08037,10.7
08039,18.9
08041,21.4
08043,23.0
08045,17.7
08047,18.8
08049,17.4
08051,16.0
08053,21.0
08055,20.8
08057,20.9
08059,18.6
08061,21.0
08063,26.5
08065,18.9
08067,16.8
08069,18.9
08071,21.4
08073,25.8
08075,24.5
08077,23.0
08079,19.0
08081,26.2
08083,22.0
08085,20.1
08087,27.8
08089,27.1
08091,17.2
08093,19.9
08095,22.9
08097,13.7
08099,26.8
08101,26.3
08103,22.7
08105,23.0
08107,14.1
08109,20.9
08111,20.0
08113,16.4
08115,22.9
08117,12.5
08119,17.9
08121,24.0
08123,25.5
08125,27.7
09001,20.8
09003,26.5
09005,22.9
09007,23.6
09009,26.3
09011,26.7
09013,24.0
09015,28.9
10001,33.2
10003,26.8
10005,31.2
11001,22.1
12001,25.3
12003,37.1
12005,30.2
12007,37.2
12009,26.5
12011,23.6
12013,40.7
12015,26.2
12017,27.1
12019,28.5
12021,18.8
12023,37.4
12027,35.5
12029,32.6
12031,29.5
12033,30.5
12035,24.6
12037,31.1
12039,38.1
12041,31.5
12043,34.2
12045,32.5
12047,32.6
12049,34.4
12051,34.9
12053,31.7
12055,32.6
12057,27.7
12059,32.0
12061,24.2
12063,35.6
12065,33.6
12067,36.8
12069,30.0
12071,25.5
12073,28.1
12075,32.1
12077,39.1
12079,34.0
12081,24.1
12083,29.0
12085,19.4
12086,19.5
12087,21.4
12089,28.1
12091,25.3
12093,30.9
12095,23.6
12097,29.2
12099,22.9
12101,30.3
12103,24.5
12105,31.2
12107,35.2
12109,22.9
12111,28.8
12113,25.9
12115,21.1
12117,24.5
12119,28.4
12121,33.1
12123,38.7
12125,39.1
12127,27.5
12129,36.3
12131,27.2
12133,38.8
13001,35.2
13003,35.7
13005,31.4
13007,32.3
13009,33.9
13011,26.8
13013,35.3
13015,34.3
13017,36.1
13019,34.0
13021,30.6
13023,30.0
13025,34.6
13027,35.4
13029,28.3
13031,34.6
13033,32.3
13035,31.3
13037,34.7
13039,31.5
13043,32.2
13045,29.8
13047,26.5
13049,30.7
13051,28.8
13053,28.0
13055,35.6
13057,25.5
13059,25.1
13061,31.1
13063,39.5
13065,30.3
13067,22.4
13069,32.3
13071,36.8
13073,29.0
13075,28.7
13077,27.0
13079,28.4
13081,30.1
13083,32.2
13085,28.8
13087,30.9
13089,26.5
13091,31.2
13093,34.1
13095,37.0
13097,33.9
13099,30.6
13101,29.2
13103,33.7
13105,32.4
13107,33.6
13109,35.3
13111,26.1
13113,29.2
13115,28.5
13117,26.1
13119,26.6
13121,22.4
13123,26.5
13125,30.5
13127,27.7
13129,29.3
13131,31.1
13133,30.2
13135,27.4
13137,31.5
13139,25.7
13141,36.0
13143,28.6
13145,29.7
13147,29.5
13149,30.8
13151,29.7
13153,32.3
13155,29.8
13157,28.6
13159,30.6
13161,30.4
13163,38.4
13165,32.3
13167,34.4
13169,32.7
13171,33.0
13173,32.0
13175,35.4
13177,32.2
13179,33.8
13181,33.2
13183,29.7
13185,28.3
13187,30.1
13189,35.0
13191,31.2
13193,34.6
13195,32.4
13197,32.8
13199,35.2
13201,31.2
13205,30.8
13207,31.9
13209,37.3
13211,28.3
13213,28.9
13215,32.1
13217,33.7
13219,30.9
13221,29.8
13223,28.4
13225,34.8
13227,25.0
13229,29.6
13231,28.4
13233,29.1
13235,31.8
13237,32.4
13239,32.6
13241,32.1
13243,35.8
13245,35.1
13247,34.6
13249,29.1
13251,35.7
13253,29.5
13255,34.5
13257,28.1
13259,34.3
13261,34.0
13263,34.3
13265,34.1
13267,35.3
13269,30.5
13271,31.6
13273,34.5
13275,32.6
13277,34.8
13279,32.9
13281,26.4
13283,33.4
13285,29.4
13287,34.3
13289,30.7
13291,27.0
13293,34.1
13295,33.1
13297,30.6
13299,35.5
13301,34.3
13303,34.5
13305,32.3
13307,32.0
13309,33.8
13311,28.1
13313,29.7
13315,32.3
13317,32.5
13319,33.6
13321,37.4
15001,23.5
15003,21.9
15007,20.7
15009,22.4
16001,24.5
16003,29.4
16005,28.2
16007,29.2
16009,28.6
16011,35.0
16013,19.2
16015,23.6
16017,25.6
16019,30.7
16021,27.3
16023,28.6
16025,26.4
16027,32.0
16029,27.7
16031,30.8
16033,32.8
16035,29.2
16037,27.3
16039,29.6
16041,28.3
16043,26.9
16045,27.0
16047,31.8
16049,27.4
16051,30.4
16053,31.6
16055,24.7
16057,26.6
16059,23.8
16061,28.5
16063,31.9
16065,25.2
16067,34.7
16069,32.4
16071,35.9
16073,32.1
16075,32.3
16077,31.4
16079,30.9
16081,26.6
16083,26.7
16085,24.4
16087,31.5
17001,34.7
17003,32.4
17005,30.5
17007,34.1
17009,31.5
17011,29.9
17013,30.4
17015,31.6
17017,28.8
17019,26.6
17021,33.4
17023,33.1
17025,31.5
17027,27.8
17029,27.7
17031,24.9
17033,33.9
17035,29.6
17037,27.4
17039,32.0
17041,30.8
17043,23.9
17045,32.6
17047,31.8
17049,29.3
17051,37.1
17053,29.6
17055,30.5
17057,32.4
17059,31.0
17061,29.7
17063,31.4
17065,29.3
17067,29.1
17069,32.7
17071,32.4
17073,30.7
17075,32.6
17077,31.2
17079,31.0
17081,33.3
17083,31.7
17085,29.1
17087,30.6
17089,25.7
17091,33.8
17093,35.4
17095,25.2
17097,29.1
17099,28.5
17101,32.0
17103,32.9
17105,31.4
17107,30.9
17109,29.1
17111,27.9
17113,29.0
17115,30.6
17117,33.1
17119,32.9
17121,35.9
17123,32.3
17125,33.1
17127,34.3
17129,30.9
17131,30.7
17133,32.9
17135,29.0
17137,31.2
17139,30.7
17141,28.6
17143,28.6
17145,30.4
17147,30.4
17149,32.2
17151,30.8
17153,32.1
17155,31.4
17157,30.3
17159,30.7
17161,30.8
17163,32.2
17165,32.1
17167,29.9
17169,30.7
17171,31.4
17173,32.4
17175,32.0
17177,28.8
17179,29.0
17181,31.3
17183,37.3
17185,32.6
17187,33.8
17189,31.0
17191,31.0
17193,31.4
17195,26.8
17197,28.1
17199,31.6
17201,31.5
17203,31.9
18001,30.3
18003,28.5
18005,32.3
18007,32.7
18009,35.5
18011,27.7
18013,30.9
18015,28.6
18017,34.3
18019,31.1
18021,32.5
18023,30.0
18025,34.5
18027,33.3
18029,30.0
18031,29.9
18033,31.1
18035,31.7
18037,27.6
18039,32.5
18041,31.9
18043,30.6
18045,30.6
18047,25.7
18049,37.3
18051,32.1
18053,35.2
18055,32.4
18057,25.1
18059,34.8
18061,34.7
18063,29.7
18065,32.0
18067,35.5
18069,32.2
18071,39.3
18073,29.1
18075,35.2
18077,35.1
18079,33.4
18081,32.3
18083,31.7
18085,30.2
18087,34.1
18089,35.5
18091,33.7
18093,37.6
18095,33.9
18097,32.1
18099,28.5
18101,34.6
18103,35.1
18105,21.0
18107,33.5
18109,33.7
18111,34.9
18113,34.0
18115,32.0
18117,31.8
18119,32.4
18121,31.8
18123,30.4
18125,34.0
18127,30.6
18129,31.7
18131,31.9
18133,31.5
18135,33.8
18137,32.2
18139,32.6
18141,28.8
18143,28.9
18145,31.5
18147,28.7
18149,35.7
18151,33.6
18153,33.0
18155,30.9
18157,25.0
18159,31.5
18161,31.7
18163,34.2
18165,30.9
18167,32.9
18169,31.2
18171,27.3
18173,28.0
18175,27.9
18177,30.6
18179,28.1
18181,34.1
18183,32.3
19001,31.0
19003,32.3
19005,30.3
19007,31.5
19009,32.9
19011,33.2
19013,28.8
19015,31.6
19017,31.6
19019,32.9
19021,30.7
19023,32.7
19025,33.1
19027,29.6
19029,32.1
19031,32.8
19033,31.4
19035,35.7
19037,30.6
19039,29.6
19041,30.6
19043,34.6
19045,31.2
19047,32.5
19049,31.1
19051,30.6
19053,30.7
19055,32.0
19057,31.6
19059,32.8
19061,27.7
19063,34.5
19065,38.5
19067,32.9
19069,33.1
19071,33.0
19073,28.6
19075,29.1
19077,34.9
19079,29.8
19081,32.6
19083,32.8
19085,32.0
19087,33.2
19089,32.2
19091,33.1
19093,30.5
19095,29.5
19097,32.6
19099,34.3
19101,27.7
19103,22.6
19105,31.7
19107,28.8
19109,31.4
19111,31.6
19113,30.1
19115,35.0
19117,31.8
19119,30.4
19121,33.9
19123,30.7
19125,30.9
19127,33.2
19129,33.6
19131,30.5
19133,29.6
19135,32.6
19137,34.2
19139,35.4
19141,30.9
19143,32.2
19145,32.8
19147,33.2
19149,33.3
19151,30.5
19153,29.2
19155,37.4
19157,30.5
19159,35.1
19161,31.2
19163,31.1
19165,30.8
19167,27.7
19169,25.6
19171,32.6
19173,30.1
19175,37.1
19177,32.2
19179,32.9
19181,30.5
19183,31.0
19185,30.5
19187,30.5
19189,31.8
19191,25.2
19193,33.7
19195,33.7
19197,34.3
20001,34.4
20003,31.5
20005,29.9
20007,36.8
20009,35.4
20011,36.1
20013,30.6
20015,31.3
20017,30.1
20019,32.6
20021,38.7
20023,32.9
20025,30.0
20027,35.8
20029,32.8
20031,32.9
20033,33.9
20035,36.8
20037,34.7
20039,35.8
20041,32.9
20043,31.1
20045,23.3
20047,32.5
20049,34.7
20051,29.3
20053,32.5
20055,34.9
20057,32.5
20059,33.4
20061,30.9
20063,31.6
20065,30.0
20067,33.3
20069,33.9
20071,31.4
20073,31.9
20075,37.5
20077,34.0
20079,32.4
20081,33.5
20083,31.2
20085,34.5
20087,31.4
20089,30.1
20091,23.3
20093,30.3
20095,32.3
20097,31.5
20099,36.3
20101,32.5
20103,30.8
20105,30.5
20107,31.7
20109,32.0
20111,34.1
20113,29.9
20115,33.2
20117,34.3
20119,25.6
20121,32.6
20123,32.1
20125,35.1
20127,35.2
20129,30.5
20131,30.9
20133,32.8
20135,30.5
20137,33.9
20139,36.2
20141,33.5
20143,37.0
20145,31.1
20147,28.1
20149,31.6
20151,32.9
20153,32.5
20155,33.3
20157,28.7
20159,31.1
20161,24.3
20163,31.5
20165,31.1
20167,29.9
20169,32.5
20171,31.2
20173,30.5
20175,34.9
20177,32.3
20179,31.5
20181,31.5
20183,32.7
20185,33.1
20187,29.7
20189,34.3
20191,34.3
20193,32.3
20195,29.9
20197,32.0
20199,32.6
20201,32.0
20203,30.5
20205,31.2
20207,30.4
20209,37.8
21001,31.8
21003,35.0
21005,32.9
21007,35.2
21009,32.5
21011,31.0
21013,35.8
21015,29.9
21017,34.0
21019,36.8
21021,31.5
21023,30.7
21025,42.9
21027,37.3
21029,32.6
21031,35.5
21033,33.2
21035,28.1
21037,32.6
21039,33.0
21041,38.2
21043,33.5
21045,36.3
21047,36.6
21049,32.0
21051,33.2
21053,33.2
21055,31.7
21057,34.1
21059,28.8
21061,34.9
21063,34.4
21065,31.5
21067,26.3
21069,34.9
21071,37.8
21073,33.0
21075,35.3
21077,31.1
21079,34.5
21081,34.2
21083,29.3
21085,36.0
21087,33.0
21089,38.4
21091,32.6
21093,31.5
21095,36.6
21097,29.8
21099,35.2
21101,31.9
21103,31.5
21105,34.5
21107,34.7
21109,41.2
21111,31.2
21113,31.1
21115,39.2
21117,27.8
21119,40.7
21121,36.7
21123,30.5
21125,34.7
21127,41.4
21129,29.5
21131,39.9
21133,37.9
21135,37.1
21137,29.3
21139,30.9
21141,35.5
21143,33.3
21145,32.1
21147,34.2
21149,35.6
21151,29.6
21153,33.5
21155,33.1
21157,32.5
21159,40.7
21161,33.6
21163,35.9
21165,33.3
21167,32.6
21169,34.1
21171,31.2
21173,33.1
21175,35.3
21177,36.9
21179,32.4
21181,31.7
21183,40.0
21185,30.1
21187,31.5
21189,37.2
21191,29.7
21193,38.0
21195,37.7
21197,34.9
21199,34.7
21201,34.6
21203,38.7
21205,34.3
21207,33.7
21209,30.6
21211,33.8
21213,32.0
21215,27.3
21217,36.6
21219,32.6
21221,28.7
21223,34.5
21225,33.2
21227,29.2
21229,33.4
21231,35.1
21233,33.1
21235,35.5
21237,32.5
21239,30.8
22001,31.9
22003,34.6
22005,32.3
22007,33.3
22009,38.8
22011,35.4
22013,38.3
22015,34.2
22017,34.6
22019,33.3
22021,36.5
22023,34.7
22025,37.0
22027,38.0
22029,38.7
22031,36.7
22033,32.3
22035,43.2
22037,38.7
22039,36.7
22041,36.0
22043,33.6
22045,37.6
22047,39.5
22049,38.8
22051,32.3
22053,36.0
22055,28.8
22057,36.3
22059,38.6
22061,34.3
22063,36.1
22065,43.0
22067,39.7
22069,37.5
22071,32.2
22073,35.2
22075,35.1
22077,37.5
22079,36.5
22081,40.0
22083,38.6
22085,39.9
22087,35.4
22089,35.9
22091,40.8
22093,37.8
22095,35.0
22097,42.2
22099,35.0
22101,38.3
22103,28.0
22105,40.3
22107,34.0
22109,39.6
22111,36.1
22113,32.0
22115,37.9
22117,40.1
22119,33.0
22121,37.9
22123,37.1
22125,38.4
22127,36.0
23001,32.4
23003,33.9
23005,22.0
23007,29.7
23009,23.8
23011,30.4
23013,23.8
23015,24.0
23017,31.7
23019,31.0
23021,31.4
23023,25.8
23025,33.9
23027,29.4
23029,30.9
23031,26.9
24001,27.5
24003,28.1
24005,28.2
24009,29.8
24011,34.2
24013,27.7
24015,31.8
24017,35.0
24019,33.4
24021,27.9
24023,30.7
24025,28.3
24027,22.6
24029,27.3
24031,19.4
24033,32.9
24035,27.7
24037,30.3
24039,39.5
24041,28.4
24043,33.4
24045,34.9
24047,29.8
24510,34.3
25001,19.7
25003,22.9
25005,28.2
25007,21.6
25009,24.3
25011,21.6
25013,28.5
25015,21.3
25017,22.6
25019,20.7
25021,19.7
25023,26.4
25025,20.6
25027,26.1
26001,30.7
26003,32.3
26005,32.3
26007,32.9
26009,31.7
26011,33.6
26013,34.2
26015,33.7
26017,33.4
26019,30.9
26021,36.6
26023,35.1
26025,34.7
26027,35.1
26029,28.4
26031,32.1
26033,37.9
26035,31.2
26037,32.7
26039,31.6
26041,33.2
26043,30.3
26045,34.7
26047,28.3
26049,36.0
26051,35.6
26053,29.8
26055,28.0
26057,35.9
26059,32.2
26061,31.0
26063,31.1
26065,29.6
26067,36.1
26069,33.5
26071,30.9
26073,29.9
26075,33.3
26077,29.9
26079,32.2
26081,29.3
26083,31.7
26085,32.9
26087,30.4
26089,22.9
26091,32.5
26093,28.7
26095,35.7
26097,32.6
26099,32.5
26101,34.2
26103,29.3
26105,29.3
26107,33.2
26109,34.4
26111,31.7
26113,33.4
26115,33.5
26117,33.8
26119,31.8
26121,36.7
26123,35.3
26125,26.0
26127,34.1
26129,36.3
26131,34.4
26133,33.9
26135,33.4
26137,35.6
26139,25.7
26141,32.6
26143,31.6
26145,39.7
26147,31.9
26149,34.2
26151,34.4
26153,30.1
26155,32.2
26157,30.5
26159,33.7
26161,23.3
26163,33.5
26165,30.5
27001,27.1
27003,29.6
27005,29.4
27007,28.7
27009,28.2
27011,29.6
27013,28.0
27015,27.8
27017,28.1
27019,24.2
27021,27.4
27023,29.6
27025,30.1
27027,28.0
27029,30.4
27031,26.4
27033,29.6
27035,29.3
27037,25.9
27039,28.8
27041,26.3
27043,26.6
27045,26.2
27047,31.4
27049,30.8
27051,30.0
27053,22.7
27055,25.5
27057,27.6
27059,27.6
27061,31.4
27063,30.9
27065,26.6
27067,27.4
27069,29.2
27071,24.9
27073,29.3
27075,28.3
27077,28.8
27079,33.0
27081,28.9
27083,29.2
27085,33.6
27087,28.6
27089,30.3
27091,32.6
27093,28.4
27095,33.1
27097,29.3
27099,29.5
27101,29.8
27103,30.2
27105,28.6
27107,30.8
27109,23.7
27111,27.4
27113,26.5
27115,31.0
27117,27.5
27119,31.3
27121,29.6
27123,25.1
27125,30.7
27127,32.7
27129,31.3
27131,27.0
27133,28.1
27135,33.2
27137,25.5
27139,24.6
27141,27.3
27143,31.4
27145,27.2
27147,28.3
27149,29.2
27151,28.0
27153,29.2
27155,29.9
27157,30.3
27159,28.1
27161,30.0
27163,25.7
27165,30.2
27167,29.8
27169,27.1
27171,28.4
27173,28.3
28001,36.4
28003,33.5
28005,38.9
28007,39.5
28009,37.5
28011,33.5
28013,35.4
28015,31.6
28017,36.8
28019,33.7
28021,42.9
28023,35.6
28025,38.4
28027,45.5
28029,37.7
28031,36.3
28033,36.9
28035,34.2
28037,38.6
28039,34.4
28041,38.2
28043,39.5
28045,30.1
28047,33.0
28049,34.5
28051,46.6
28053,43.5
28055,36.9
28057,32.9
28059,31.3
28061,39.1
28063,44.2
28065,38.4
28067,38.1
28069,37.7
28071,34.6
28073,34.6
28075,34.2
28077,38.6
28079,38.9
28081,31.6
28083,41.8
28085,39.1
28087,34.8
28089,31.5
28091,34.7
28093,39.4
28095,36.1
28097,38.2
28099,37.0
28101,31.4
28103,41.8
28105,33.1
28107,35.1
28109,31.7
28111,36.9
28113,37.8
28115,33.0
28117,31.2
28119,42.2
28121,31.3
28123,34.1
28125,40.5
28127,39.5
28129,35.9
28131,32.1
28133,42.3
28135,39.7
28137,34.8
28139,34.3
28141,35.6
28143,42.1
28145,34.3
28147,38.4
28149,35.8
28151,40.9
28153,37.7
28155,35.5
28157,41.2
28159,36.1
28161,37.8
28163,40.0
29001,30.3
29003,27.9
29005,31.3
29007,34.7
29009,32.3
29011,32.3
29013,34.8
29015,31.9
29017,35.7
29019,27.3
29021,35.1
29023,36.5
29025,39.2
29027,34.3
29029,28.1
29031,32.7
29033,34.2
29035,32.5
29037,30.5
29039,34.3
29041,32.0
29043,30.4
29045,33.3
29047,28.8
29049,34.5
29051,30.0
29053,35.3
29055,33.0
29057,37.0
29059,32.7
29061,36.2
29063,38.7
29065,35.3
29067,31.7
29069,32.7
29071,32.9
29073,32.8
29075,31.5
29077,28.7
29079,33.9
29081,33.3
29083,31.8
29085,31.1
29087,31.2
29089,34.0
29091,32.4
29093,34.4
29095,30.4
29097,32.6
29099,31.1
29101,29.4
29103,32.3
29105,32.0
29107,30.9
29109,30.4
29111,36.1
29113,33.2
29115,29.8
29117,28.3
29119,28.5
29121,30.9
29123,36.1
29125,32.9
29127,35.7
29129,36.1
29131,34.6
29133,33.2
29135,30.4
29137,31.4
29139,32.7
29141,27.2
29143,34.0
29145,31.7
29147,28.4
29149,33.6
29151,32.6
29153,33.2
29155,33.8
29157,31.7
29159,35.2
29161,30.1
29163,31.2
29165,31.1
29167,32.2
29169,33.2
29171,32.4
29173,34.5
29175,32.6
29177,35.4
29179,32.7
29181,34.2
29183,28.3
29185,30.8
29186,28.8
29187,33.6
29189,27.6
29195,38.0
29197,31.9
29199,34.6
29201,36.3
29203,33.3
29205,32.8
29207,34.1
29209,32.2
29211,34.1
29213,30.8
29215,30.7
29217,31.1
29219,29.2
29221,36.7
29223,34.7
29225,32.9
29227,31.2
29229,35.6
29510,31.8
30001,26.6
30003,36.7
30005,33.8
30007,33.5
30009,24.1
30011,25.8
30013,29.0
30015,26.0
30017,30.1
30019,26.1
30021,28.4
30023,26.9
30025,27.4
30027,26.1
30029,22.1
30031,16.4
30033,25.6
30035,34.2
30037,26.7
30039,26.2
30041,33.5
30043,24.3
30045,26.4
30047,27.0
30049,24.4
30051,26.4
30053,27.1
30055,23.9
30057,20.6
30059,24.0
30061,26.3
30063,21.4
30065,26.8
30067,22.6
30069,24.9
30071,26.2
30073,29.8
30075,27.1
30077,27.5
30079,27.1
30081,20.7
30083,29.0
30085,34.8
30087,33.7
30089,27.8
30091,30.3
30093,25.1
30095,21.7
30097,23.0
30099,26.4
30101,26.5
30103,26.8
30105,29.0
30107,26.3
30109,28.3
30111,24.8
31001,29.7
31003,27.1
31005,29.8
31007,33.1
31009,27.6
31011,27.9
31013,31.5
31015,32.8
31017,31.0
31019,29.6
31021,32.7
31023,28.2
31025,33.8
31027,28.0
31029,27.2
31031,26.0
31033,28.3
31035,32.4
31037,31.1
31039,28.9
31041,34.1
31043,34.4
31045,28.0
31047,32.9
31049,27.1
31051,30.7
31053,30.8
31055,28.2
31057,34.1
31059,30.5
31061,36.4
31063,35.0
31065,32.6
31067,35.4
31069,31.3
31071,27.6
31073,33.6
31075,28.9
31077,33.4
31079,33.0
31081,30.2
31083,31.4
31085,30.3
31087,34.2
31089,31.9
31091,27.1
31093,30.9
31095,35.2
31097,29.7
31099,32.3
31101,28.0
31103,27.8
31105,31.6
31107,30.0
31109,26.1
31111,33.2
31113,28.6
31115,30.1
31117,31.0
31119,32.3
31121,34.4
31123,30.6
31125,30.5
31127,34.6
31129,30.9
31131,33.7
31133,31.7
31135,26.4
31137,35.0
31139,35.3
31141,30.0
31143,30.0
31145,29.9
31147,35.7
31149,31.5
31151,33.1
31153,28.9
31155,27.3
31157,34.2
31159,29.1
31161,30.1
31163,34.4
31165,30.8
31167,33.2
31169,30.1
31171,30.8
31173,40.8
31175,31.4
31177,31.0
31179,29.6
31181,31.8
31183,27.8
31185,32.1
32001,28.8
32003,25.8
32005,22.4
32007,31.9
32009,26.6
32011,26.3
32013,24.7
32015,28.5
32017,25.2
32019,29.9
32021,26.4
32023,29.1
32027,32.4
32029,25.9
32031,22.2
32033,25.1
32510,24.1
33001,30.7
33003,23.1
33005,25.0
33007,30.1
33009,26.7
33011,27.3
33013,29.0
33015,25.7
33017,29.8
33019,28.2
34001,26.8
34003,20.4
34005,27.0
34007,29.0
34009,27.1
34011,33.6
34013,27.3
34015,29.2
34017,23.9
34019,21.3
34021,24.3
34023,24.0
34025,22.7
34027,20.4
34029,26.8
34031,24.1
34033,32.0
34035,21.3
34037,25.5
34039,24.5
34041,27.1
35001,20.4
35003,21.9
35005,29.9
35006,32.9
35007,24.0
35009,30.0
35011,23.8
35013,23.2
35015,30.1
35017,21.0
35019,27.0
35021,22.7
35023,25.6
35025,34.7
35027,21.5
35028,20.3
35029,23.1
35031,33.3
35033,23.8
35035,25.7
35037,32.4
35039,24.1
35041,28.1
35043,24.1
35045,30.3
35047,22.2
35049,13.8
35051,21.0
35053,25.6
35055,16.9
35057,25.5
35059,28.4
35061,27.1
36001,27.2
36003,29.8
36005,28.9
36007,24.7
36009,28.4
36011,30.3
36013,29.8
36015,31.9
36017,32.8
36019,29.6
36021,25.3
36023,27.7
36025,25.8
36027,24.9
36029,26.5
36031,28.5
36033,29.8
36035,28.7
36037,29.5
36039,29.6
36041,28.0
36043,29.8
36045,27.4
36047,22.3
36049,27.2
36051,29.9
36053,29.4
36055,27.2
36057,25.1
36059,22.7
36061,14.7
36063,30.2
36065,30.4
36067,27.8
36069,29.5
36071,26.1
36073,30.6
36075,29.3
36077,25.5
36079,27.2
36081,23.8
36083,23.6
36085,26.3
36087,20.9
36089,28.6
36091,25.6
36093,26.0
36095,26.9
36097,30.0
36099,30.7
36101,29.5
36103,22.8
36105,30.7
36107,31.5
36109,23.7
36111,28.1
36113,26.0
36115,29.8
36117,29.4
36119,19.6
36121,26.3
36123,25.3
37001,33.7
37003,33.0
37005,25.7
37007,34.5
37009,26.4
37011,25.9
37013,32.9
37015,35.5
37017,34.8
37019,28.6
37021,22.8
37023,31.5
37025,27.8
37027,31.0
37029,32.3
37031,26.2
37033,35.8
37035,30.8
37037,27.0
37039,28.5
37041,32.4
37043,28.6
37045,32.1
37047,31.0
37049,29.5
37051,32.0
37053,28.3
37055,28.1
37057,30.2
37059,28.0
37061,29.2
37063,28.2
37065,39.2
37067,28.7
37069,31.8
37071,33.6
37073,34.1
37075,30.5
37077,37.0
37079,34.2
37081,28.4
37083,39.4
37085,33.0
37087,26.4
37089,24.3
37091,35.2
37093,34.8
37095,29.9
37097,28.2
37099,32.4
37101,35.2
37103,34.4
37105,29.3
37107,36.0
37109,28.8
37111,30.3
37113,25.1
37115,24.8
37117,36.4
37119,23.5
37121,28.8
37123,31.9
37125,27.9
37127,31.2
37129,26.0
37131,37.8
37133,26.1
37135,19.9
37137,31.9
37139,33.7
37141,28.8
37143,33.2
37145,32.7
37147,34.4
37149,27.0
37151,29.8
37153,37.1
37155,39.1
37157,34.0
37159,34.3
37161,28.1
37163,38.6
37165,36.6
37167,29.8
37169,33.7
37171,28.9
37173,35.3
37175,24.0
37177,31.0
37179,26.6
37181,36.9
37183,24.9
37185,37.7
37187,32.8
37189,26.4
37191,34.7
37193,26.2
37195,38.1
37197,32.3
37199,27.0
38001,33.3
38003,32.8
38005,35.4
38007,29.7
38009,30.2
38011,29.7
38013,29.6
38015,29.4
38017,27.3
38019,31.2
38021,32.9
38023,28.6
38025,30.3
38027,31.5
38029,31.3
38031,29.4
38033,29.1
38035,29.0
38037,32.4
38039,29.7
38041,31.0
38043,28.7
38045,33.2
38047,33.5
38049,28.8
38051,32.1
38053,33.5
38055,32.9
38057,30.9
38059,32.3
38061,33.6
38063,30.4
38065,30.7
38067,32.0
38069,32.5
38071,31.2
38073,32.4
38075,30.2
38077,32.7
38079,41.1
38081,31.7
38083,31.7
38085,39.1
38087,28.2
38089,28.8
38091,31.2
38093,30.2
38095,30.7
38097,36.2
38099,30.2
38101,29.7
38103,32.1
38105,34.8
39001,28.3
39003,33.8
39005,30.1
39007,30.7
39009,28.8
39011,34.4
39013,33.1
39015,37.3
39017,30.1
39019,34.5
39021,36.6
39023,30.4
39025,29.3
39027,34.8
39029,32.2
39031,33.7
39033,32.1
39035,28.6
39037,30.5
39039,31.5
39041,27.1
39043,31.4
39045,31.1
39047,32.4
39049,29.2
39051,32.8
39053,31.3
39055,27.6
39057,28.5
39059,36.4
39061,28.9
39063,30.2
39065,34.2
39067,29.4
39069,30.2
39071,33.7
39073,34.0
39075,28.2
39077,33.5
39079,36.8
39081,33.6
39083,34.2
39085,26.4
39087,38.9
39089,29.3
39091,31.2
39093,29.9
39095,32.4
39097,28.6
39099,30.6
39101,33.9
39103,28.9
39105,34.6
39107,28.7
39109,31.5
39111,36.1
39113,31.0
39115,33.3
39117,36.9
39119,32.5
39121,32.9
39123,30.6
39125,29.9
39127,35.5
39129,35.9
39131,31.2
39133,28.5
39135,32.3
39137,33.3
39139,33.0
39141,36.3
39143,32.4
39145,36.3
39147,34.9
39149,32.3
39151,30.8
39153,29.2
39155,33.0
39157,34.6
39159,32.2
39161,36.7
39163,31.3
39165,28.6
39167,33.2
39169,27.3
39171,34.1
39173,30.6
39175,35.2
40001,38.2
40003,34.7
40005,35.9
40007,35.7
40009,33.5
40011,37.9
40013,34.9
40015,36.2
40017,34.2
40019,32.4
40021,34.8
40023,34.2
40025,30.7
40027,29.9
40029,35.9
40031,34.9
40033,35.7
40035,30.1
40037,35.5
40039,29.8
40041,33.4
40043,33.9
40045,31.7
40047,35.8
40049,35.6
40051,33.2
40053,36.7
40055,32.2
40057,36.8
40059,34.9
40061,35.6
40063,35.9
40065,30.7
40067,35.4
40069,39.3
40071,28.7
40073,29.1
40075,30.3
40077,35.5
40079,39.3
40081,37.2
40083,32.4
40085,34.6
40087,30.4
40089,34.1
40091,35.5
40093,31.9
40095,33.6
40097,35.4
40099,38.3
40101,34.6
40103,33.5
40105,35.1
40107,31.7
40109,30.1
40111,37.4
40113,36.5
40115,32.8
40117,33.9
40119,29.6
40121,32.6
40123,36.4
40125,36.4
40127,31.2
40129,31.3
40131,32.0
40133,36.0
40135,37.4
40137,32.8
40139,31.3
40141,34.3
40143,30.2
40145,34.3
40147,29.3
40149,41.4
40151,32.3
40153,38.6
41001,26.1
41003,19.7
41005,25.5
41007,29.0
41009,32.1
41011,28.3
41013,26.5
41015,29.0
41017,23.3
41019,31.0
41021,27.4
41023,25.9
41025,30.4
41027,24.5
41029,25.1
41031,31.1
41033,26.3
41035,29.0
41037,31.9
41039,27.3
41041,27.9
41043,32.3
41045,28.5
41047,33.3
41049,27.4
41051,20.5
41053,34.0
41055,27.5
41057,27.3
41059,32.1
41061,27.1
41063,25.0
41065,26.9
41067,24.4
41069,26.5
41071,29.9
42001,32.2
42003,25.8
42005,33.4
42007,30.4
42009,34.8
42011,30.8
42013,33.8
42015,32.7
42017,26.3
42019,28.8
42021,29.2
42023,27.6
42025,35.9
42027,25.3
42029,23.9
42031,33.0
42033,32.9
42035,31.5
42037,34.9
42039,34.1
42041,26.4
42043,30.7
42045,25.1
42047,27.5
42049,30.7
42051,36.2
42053,33.3
42055,30.0
42057,32.9
42059,32.9
42061,29.5
42063,36.1
42065,29.0
42067,33.2
42069,30.0
42071,29.4
42073,32.5
42075,31.1
42077,28.5
42079,29.1
42081,29.9
42083,31.1
42085,33.4
42087,31.8
42089,27.0
42091,23.9
42093,32.2
42095,28.1
42097,34.0
42099,32.9
42101,29.2
42103,29.4
42105,32.4
42107,34.7
42109,32.6
42111,34.5
42113,32.2
42115,32.1
42117,31.0
42119,29.4
42121,34.0
42123,33.0
42125,28.8
42127,32.8
42129,28.4
42131,32.8
42133,31.9
44001,21.3
44003,27.7
44005,21.7
44007,27.6
44009,23.9
45001,34.2
45003,32.0
45005,40.4
45007,32.8
45009,41.1
45011,37.7
45013,22.5
45015,36.5
45017,36.2
45019,25.0
45021,34.6
45023,38.6
45025,34.4
45027,39.8
45029,39.6
45031,35.6
45033,38.6
45035,31.0
45037,32.3
45039,40.1
45041,36.6
45043,33.6
45045,28.5
45047,33.1
45049,41.4
45051,28.7
45053,38.6
45055,30.8
45057,32.6
45059,38.4
45061,43.9
45063,31.7
45065,34.0
45067,39.2
45069,37.4
45071,33.4
45073,29.3
45075,40.6
45077,30.6
45079,31.9
45081,36.0
45083,29.4
45085,34.5
45087,36.8
45089,42.7
45091,28.6
46003,30.7
46005,31.5
46007,36.5
46009,32.8
46011,27.9
46013,30.4
46015,35.4
46017,41.8
46019,26.5
46021,32.5
46023,35.0
46025,33.7
46027,29.2
46029,30.1
46031,39.1
46033,28.7
46035,35.0
46037,31.8
46039,32.7
46041,39.7
46043,29.2
46045,29.6
46047,30.5
46049,29.9
46051,32.0
46053,32.6
46055,33.5
46057,32.0
46059,30.3
46061,27.7
46063,31.3
46065,29.4
46067,31.5
46069,31.4
46071,33.5
46073,28.7
46075,30.2
46077,33.5
46079,29.3
46081,25.1
46083,28.3
46085,32.6
46087,27.5
46089,30.3
46091,31.3
46093,28.1
46095,32.1
46097,31.4
46099,27.9
46101,33.5
46103,27.6
46105,34.1
46107,29.6
46109,33.9
46111,30.4
46115,30.5
46117,32.8
46119,32.1
46121,37.5
46123,30.1
46125,32.8
46127,30.5
46129,28.5
46135,28.5
46137,43.3
47001,33.1
47003,33.7
47005,33.9
47007,32.3
47009,34.1
47011,33.6
47013,32.0
47015,31.6
47017,30.3
47019,29.5
47021,32.8
47023,32.4
47025,34.4
47027,33.4
47029,33.7
47031,38.4
47033,34.5
47035,30.4
47037,31.5
47039,37.8
47041,32.5
47043,37.8
47045,35.3
47047,32.6
47049,36.4
47051,30.6
47053,30.9
47055,33.9
47057,32.0
47059,33.0
47061,30.0
47063,30.2
47065,29.9
47067,31.0
47069,38.6
47071,34.0
47073,34.5
47075,41.3
47077,36.7
47079,36.0
47081,32.0
47083,35.1
47085,34.8
47087,32.0
47089,28.4
47091,29.7
47093,28.7
47095,37.1
47097,38.2
47099,33.3
47101,31.8
47103,29.1
47105,27.8
47107,35.6
47109,35.6
47111,34.9
47113,36.3
47115,30.6
47117,32.9
47119,37.1
47121,30.7
47123,36.1
47125,29.2
47127,33.9
47129,30.9
47131,32.4
47133,31.9
47135,32.7
47137,33.5
47139,33.2
47141,33.9
47143,35.0
47145,33.9
47147,35.1
47149,33.9
47151,30.8
47153,30.0
47155,30.7
47157,33.5
47159,35.5
47161,30.6
47163,31.2
47165,28.4
47167,33.7
47169,33.4
47171,31.8
47173,31.9
47175,31.6
47177,31.7
47179,32.4
47181,32.8
47183,30.7
47185,30.2
47187,27.2
47189,33.2
48001,33.4
48003,28.8
48005,33.6
48007,28.0
48009,29.9
48011,30.5
48013,27.9
48015,27.8
48017,29.7
48019,27.5
48021,32.5
48023,29.1
48025,30.6
48027,30.0
48029,28.2
48031,30.4
48033,29.8
48035,30.3
48037,32.7
48039,31.6
48041,26.0
48043,27.6
48045,29.8
48047,29.1
48049,27.5
48051,30.3
48053,31.0
48055,28.4
48057,30.0
48059,29.4
48061,31.8
48063,32.2
48065,29.4
48067,30.7
48069,30.3
48071,31.4
48073,30.9
48075,29.9
48077,30.8
48079,29.5
48081,29.0
48083,29.7
48085,25.0
48087,30.1
48089,30.5
48091,28.5
48093,31.0
48095,31.2
48097,30.2
48099,31.8
48101,30.0
48103,29.1
48105,31.0
48107,29.2
48109,30.8
48111,32.0
48113,28.0
48115,32.1
48117,32.3
48119,29.3
48121,23.9
48123,32.6
48125,29.0
48127,31.4
48129,31.3
48131,29.7
48133,31.8
48135,30.9
48137,29.1
48139,28.5
48141,26.6
48143,31.2
48145,30.1
48147,31.7
48149,29.4
48151,29.2
48153,28.9
48155,28.5
48157,23.5
48159,28.5
48161,30.7
48163,31.3
48165,32.4
48167,24.9
48169,31.0
48171,31.1
48173,29.1
48175,31.6
48177,32.9
48179,28.1
48181,29.4
48183,35.1
48185,31.7
48187,32.0
48189,28.3
48191,31.1
48193,33.0
48195,28.6
48197,31.7
48199,34.4
48201,27.4
48203,33.0
48205,29.8
48207,29.5
48209,23.6
48211,30.9
48213,31.2
48215,36.7
48217,30.5
48219,29.5
48221,25.8
48223,29.3
48225,29.9
48227,30.5
48229,29.0
48231,30.3
48233,32.9
48235,29.4
48237,29.3
48239,33.4
48241,33.0
48243,27.3
48245,36.9
48247,30.4
48249,29.3
48251,33.2
48253,30.2
48255,30.5
48257,30.5
48259,27.4
48261,29.5
48263,29.6
48265,25.3
48267,29.6
48269,29.0
48271,29.4
48273,30.5
48275,29.4
48277,33.9
48279,28.6
48281,28.1
48283,30.4
48285,32.1
48287,30.9
48289,30.6
48291,28.7
48293,34.6
48295,29.9
48297,29.9
48299,27.1
48301,31.2
48303,28.1
48305,31.3
48307,31.0
48309,30.3
48311,31.3
48313,30.7
48315,33.0
48317,29.9
48319,28.3
48321,33.4
48323,30.1
48325,31.8
48327,28.7
48329,30.8
48331,31.2
48333,27.9
48335,28.5
48337,27.5
48339,28.0
48341,31.2
48343,33.8
48345,28.1
48347,32.6
48349,34.2
48351,30.5
48353,30.7
48355,32.0
48357,30.5
48359,31.7
48361,31.0
48363,29.8
48365,32.3
48367,30.7
48369,31.2
48371,30.3
48373,33.5
48375,29.8
48377,27.9
48379,30.1
48381,26.7
48383,30.1
48385,29.8
48387,30.9
48389,29.5
48391,30.6
48393,29.4
48395,30.5
48397,27.8
48399,27.7
48401,35.4
48403,28.8
48405,33.4
48407,30.6
48409,31.7
48411,29.7
48413,29.4
48415,28.6
48417,33.5
48419,34.4
48421,30.3
48423,28.2
48425,29.9
48427,29.9
48429,29.6
48431,30.8
48433,29.4
48435,30.2
48437,30.0
48439,28.1
48441,31.3
48443,29.7
48445,32.4
48447,28.9
48449,31.5
48451,25.9
48453,20.4
48455,30.8
48457,32.6
48459,32.4
48461,30.4
48463,31.2
48465,28.8
48467,31.3
48469,34.0
48471,30.9
48473,30.9
48475,30.6
48477,30.2
48479,31.5
48481,31.6
48483,29.5
48485,28.9
48487,29.6
48489,29.1
48491,28.7
48493,27.6
48495,30.9
48497,32.0
48499,30.0
48501,28.6
48503,27.3
48505,30.0
48507,29.7
49001,27.6
49003,32.8
49005,22.4
49007,28.9
49009,26.1
49011,24.6
49013,26.3
49015,27.2
49017,29.0
49019,22.8
49021,23.0
49023,27.9
49025,23.3
49027,28.8
49029,22.5
49031,24.9
49033,26.8
49035,25.1
49037,25.6
49039,24.7
49041,30.7
49043,13.6
49045,31.0
49047,28.4
49049,23.2
49051,23.1
49053,23.2
49055,23.3
49057,27.3
50001,23.5
50003,24.8
50005,29.1
50007,20.9
50009,27.5
50011,28.2
50013,26.1
50015,24.9
50017,26.1
50019,29.9
50021,28.0
50023,23.0
50025,22.8
50027,22.8
51001,36.6
51003,22.9
51005,30.8
51007,31.0
51009,30.3
51011,30.2
51013,16.9
51015,30.4
51017,31.0
51019,30.6
51021,29.4
51023,25.8
51025,34.5
51027,29.5
51029,33.1
51031,32.6
51033,29.7
51035,31.0
51036,36.4
51037,32.2
51041,26.7
51043,28.0
51045,29.2
51047,30.2
51049,31.4
51051,29.8
51053,32.6
51057,29.5
51059,19.9
51061,25.5
51063,26.8
51065,29.5
51067,27.3
51069,32.5
51071,31.4
51073,33.2
51075,24.9
51077,33.3
51079,26.7
51081,34.6
51083,35.9
51085,26.5
51087,28.2
51089,31.7
51091,27.3
51093,28.6
51095,24.6
51097,31.0
51099,28.7
51101,30.0
51103,31.1
51105,27.9
51107,21.8
51109,35.2
51111,27.4
51113,31.2
51115,27.0
51117,31.9
51119,25.7
51121,23.7
51125,27.7
51127,31.6
51131,35.3
51133,25.6
51135,35.6
51137,28.1
51139,29.5
51141,30.8
51143,33.1
51145,30.9
51147,29.8
51149,35.2
51153,25.2
51155,32.4
51157,26.4
51159,29.5
51161,26.5
51163,24.3
51165,27.9
51167,31.1
51169,32.7
51171,26.3
51173,27.3
51175,33.1
51177,33.5
51179,33.1
51181,33.4
51183,38.7
51185,28.8
51187,27.5
51191,30.7
51193,30.3
51195,33.2
51197,30.3
51199,26.9
51510,20.7
51520,29.2
51530,28.3
51540,26.2
51550,31.2
51570,26.3
51580,29.4
51590,35.0
51595,32.2
51600,22.7
51610,26.4
51620,34.3
51630,29.6
51640,28.7
51650,32.1
51660,26.9
51670,34.1
51678,27.2
51680,29.8
51683,27.5
51685,29.7
51690,33.4
51700,34.1
51710,31.4
51720,27.9
51730,38.3
51735,26.5
51740,36.9
51750,29.4
51760,29.6
51770,34.4
51775,23.9
51790,27.5
51800,29.9
51810,27.1
51820,30.0
51830,27.4
51840,26.5
53001,33.2
53003,32.4
53005,31.4
53007,26.4
53009,27.3
53011,30.0
53013,32.2
53015,32.4
53017,29.4
53019,27.4
53021,31.5
53023,31.5
53025,35.0
53027,36.5
53029,26.3
53031,23.3
53033,22.3
53035,29.5
53037,27.5
53039,25.7
53041,33.1
53043,33.0
53045,32.7
53047,28.9
53049,35.3
53051,27.0
53053,31.0
53055,17.9
53057,28.4
53059,30.1
53061,28.6
53063,28.4
53065,30.3
53067,28.6
53069,33.4
53071,26.1
53073,23.3
53075,24.2
53077,29.1
54001,34.7
54003,35.7
54005,35.4
54007,31.2
54009,34.9
54011,33.3
54013,34.5
54015,36.3
54017,35.3
54019,34.5
54021,39.0
54023,36.9
54025,33.7
54027,33.7
54029,38.0
54031,35.7
54033,33.2
54035,30.5
54037,32.5
54039,31.7
54041,36.2
54043,40.5
54045,41.2
54047,40.1
54049,34.4
54051,32.5
54053,36.4
54055,33.9
54057,34.7
54059,40.5
54061,27.4
54063,31.8
54065,34.0
54067,35.6
54069,29.3
54071,35.3
54073,37.8
54075,32.2
54077,35.5
54079,32.5
54081,34.5
54083,35.6
54085,33.9
54087,37.0
54089,37.7
54091,36.4
54093,35.9
54095,34.2
54097,36.2
54099,38.0
54101,35.5
54103,33.3
54105,38.1
54107,34.1
54109,37.9
55001,31.3
55003,27.8
55005,33.4
55007,28.2
55009,27.2
55011,32.8
55013,28.8
55015,29.3
55017,28.5
55019,33.7
55021,33.4
55023,29.4
55025,22.2
55027,27.7
55029,27.8
55031,31.7
55033,29.7
55035,32.3
55037,33.9
55039,31.0
55041,31.9
55043,29.7
55045,30.9
55047,31.1
55049,27.7
55051,28.9
55053,32.5
55055,29.2
55057,33.9
55059,31.8
55061,34.7
55063,25.2
55065,32.8
55067,28.6
55069,31.5
55071,31.1
55073,29.5
55075,32.7
55077,33.3
55078,41.0
55079,31.0
55081,31.6
55083,28.6
55085,30.2
55087,32.0
55089,27.3
55091,32.4
55093,30.5
55095,29.7
55097,34.6
55099,32.2
55101,31.8
55103,32.8
55105,33.7
55107,31.6
55109,28.4
55111,30.3
55113,28.4
55115,33.4
55117,27.5
55119,34.2
55121,31.4
55123,34.1
55125,27.4
55127,26.9
55129,28.5
55131,29.5
55133,27.0
55135,25.8
55137,32.0
55139,28.1
55141,34.2
56001,21.1
56003,27.8
56005,33.6
56007,26.5
56009,28.4
56011,28.0
56013,26.0
56015,27.6
56017,25.2
56019,22.8
56021,28.2
56023,24.2
56025,28.1
56027,27.0
56029,24.5
56031,26.8
56033,24.5
56035,20.7
56037,29.2
56039,12.5
56041,29.6
56043,24.7
56045,29.4
