fips_code,population_density
01001,91.83494943105734
01003,115.25213488121658
01005,31.042767574213784
01007,36.57188932542219
01009,89.12552576398626
01011,17.307182826085214
01013,26.68540953028273
01015,194.48790825724413
01017,57.37840950428394
01019,46.80693516344591
01021,62.9439968593672
01023,15.148330596606458
01025,20.806401472790917
01027,22.89551808808847
01029,26.611319407248704
01031,73.59066353251681
01033,91.88196800980056
01035,15.512447127350743
01037,17.367565591173193
01039,36.68570031131848
01041,22.94691544576572
01043,109.41550621154781
01045,89.3326205114497
01047,44.52050945391567
01049,91.30052644921521
01051,128.2650347219415
01053,40.33732594066111
01055,194.98832690643394
01057,27.43364241786955
01059,49.957322335485884
01061,46.60276319271319
01063,14.011528179134922
01065,24.458686560767024
01067,30.752113929684022
01069,174.98240845497943
01071,49.42998586097741
01073,592.5296685971801
01075,23.994537452508574
01077,138.57782796687718
01079,49.441273647054054
01081,231.98296068051937
01083,148.79021888215794
01085,15.789672179921805
01087,34.840733471837865
01089,417.494913253983
01091,21.403813357191556
01093,41.278903719829934
01095,164.48054403879527
01097,335.3548581258871
01099,22.417432422551006
01101,292.4792826749736
01103,205.97683213742607
01105,14.624880499788791
01107,22.289337060702874
01109,48.72830288620342
01111,39.34717078632332
01113,84.12827151636148
01115,132.18821905928453
01117,248.7317340399781
01119,15.122465529430118
01121,111.55915985205796
01123,57.966200571930194
01125,146.9667222745516
01127,84.70257535465475
01129,16.11450397932989
01131,13.175043725478279
01133,39.85780915822565
02013,0.44600765145175203
02016,1.2543630514345796
02020,170.98193623095906
02050,0.42356416824607657
02060,1.843828335414008
02068,0.1503363039588325
02070,0.26318371623593106
02090,13.289755034232467
02100,1.0782368670749591
02105,0.28611618868784566
02110,11.708663174596245
02122,3.450877621120212
02130,2.783830278769985
02150,2.093264315156745
02164,0.06557582486967597
02170,3.62968832201759
02180,0.4172153869208899
02185,0.10504489110389507
02188,0.21367579032211997
02195,1.1645402077159472
02198,1.4282899293451508
02220,3.103814566850814
02230,2.321339744652628
02240,0.28418808042760885
02261,0.28078369433537737
02275,0.9317394607793954
02282,0.08418898230292687
02290,0.038740992916734864
04001,6.395879945212873
04003,21.265746412810245
04005,7.197584602944806
04007,11.230927379599503
04009,8.029036491824835
04011,4.661645487069251
04012,4.547041544980709
04013,417.5825310541369
04015,15.116424778027095
04017,10.795019547914652
04019,106.78612775654737
04021,68.65461013580558
04023,38.04381219096527
04025,26.008497077429322
04027,35.622104638526864
05001,19.245122728238115
05003,23.570566348480412
05005,74.66763368171132
05007,262.0241527478973
05009,62.74153678813888
05011,17.728666684123215
05013,8.547824385401404
05015,43.36067876340886
05017,18.250701532195983
05019,26.614353969753164
05021,24.991203584246204
05023,46.684799491414
05025,14.528683485478844
05027,32.17009789139916
05029,38.39384336803984
05031,136.74799139147575
05033,103.9801447999811
05035,83.01298871687221
05037,29.025878474514954
05039,12.169868711660117
05041,16.822191441277248
05043,22.472222088087726
05045,175.54068320872256
05047,29.74425850404939
05049,19.898284357337666
05051,142.00604620076396
05053,28.2553746464517
05055,73.08996553568554
05057,30.992962392786453
05059,53.65879824838021
05061,23.4303054605015
05063,47.8720549562604
05065,23.449085995483802
05067,28.21253813464408
05069,88.24157676291362
05071,38.72968336051312
05073,14.420710699872034
05075,29.464920849401135
05077,17.307727410760663
05079,25.229868374421436
05081,24.55223361822291
05083,31.565048543689322
05085,88.58378052957723
05087,18.788020449382984
05089,27.992877829312455
05091,69.4541687847079
05093,51.509370690248666
05095,13.415754988289011
05097,12.121095553162025
05099,14.571804537442723
05101,10.093848672669862
05103,35.33651845089201
05105,18.88458873925013
05107,31.115640762840627
05109,18.74902184083727
05111,32.3132323912926
05113,23.942523951268484
05115,76.12227216115232
05117,13.36352047509252
05119,504.34806643650717
05121,27.587010553656825
05123,44.25060376104139
05125,148.55915666580066
05127,12.517930787161555
05129,12.229486784918066
05131,236.49633115314407
05133,30.04285769899102
05135,28.58518394742894
05137,20.58030524154649
05139,40.024480039722334
05141,24.321358821593943
05143,216.62883798353656
05145,74.39750742699805
05147,12.37578626802388
05149,23.691805450416354
06001,2050.204528447925
06003,1.621221889339755
06005,63.513420329878244
06007,134.4979174610624
06009,44.61418100963518
06011,18.53517459771224
06013,1469.4686823002583
06015,28.31554503151416
06017,105.65185085863611
06019,156.1796585459763
06021,21.36920286739115
06023,37.64503626274423
06025,41.537823920540205
06027,1.8145780929131952
06029,103.19253174774555
06031,109.38521109527716
06033,51.223115027569435
06035,7.625324144540278
06037,2424.9150542499488
06039,70.47736877003035
06041,485.7891317801447
06043,12.557150114300228
06045,24.976735019933876
06047,132.50734377551714
06049,2.436334955854989
06051,4.651060583499673
06053,126.86692505475379
06055,182.59077825971923
06057,102.86477366220771
06059,3822.365691502818
06061,248.8072215600611
06063,7.804803914387655
06065,304.30695707196855
06067,1474.479704429821
06069,39.9413844503172
06071,101.76174448961251
06073,737.0507983825532
06075,17232.841934589207
06077,493.80085990158994
06079,81.89040877447691
06081,1608.3187632691656
06083,154.8741629602005
06085,1386.2437020386017
06087,589.3029629130444
06089,47.065981318015936
06091,3.318247528886483
06093,7.115929292770004
06095,504.0479942562655
06097,306.7908156174862
06099,344.59840503282317
06101,157.06080576351656
06103,21.42584234580428
06105,4.306985223577606
06107,91.59562747514362
06109,24.857219017292213
06111,446.4105411817813
06113,197.9650907815104
06115,114.33925414543894
08001,379.3901099042267
08003,21.79499420875868
08005,719.6554316501691
08007,8.968467050567519
08009,1.4806453468870635
08011,4.092907411850791
08013,409.22828240548876
08014,1692.5894532905493
08015,17.642537075576055
08017,1.1781073354192486
08019,22.92100489086019
08021,6.401318635907816
08023,2.8982388879108556
08025,7.298509945759638
08027,5.697072262650194
08029,26.890241232870714
08031,3950.0392156862745
08033,1.692515165629384
08035,341.42657881958655
08037,30.78009889998991
08039,12.458080003371428
08041,292.8416904073301
08043,30.661392710564698
08045,19.110702638077626
08047,35.74478304958104
08049,7.911911738421626
08051,4.749776172393566
08053,0.707092676578495
08055,4.230041338754658
08057,0.8656999993183465
08059,701.5040407847077
08061,0.7879997759885776
08063,3.799480012698871
08065,19.55899403307412
08067,30.40226277984821
08069,115.89744537947198
08071,3.223561141431885
08073,2.111632952181581
08075,12.260225058157339
08077,44.026177434849295
08079,0.801675524686353
08081,2.8560345245599574
08083,12.527056796977817
08085,18.295216439542195
08087,22.023799761486934
08089,14.890317529622548
08091,8.207270034878588
08093,7.369705986655399
08095,6.366945378004675
08097,17.513188976580746
08099,7.6532215979663025
08101,66.66599611752045
08103,2.0888351018679674
08105,13.076260090925238
08107,9.900399064193197
08109,1.9532747887423958
08111,1.9278016351474108
08113,5.77641571539494
08115,4.3591629093443744
08117,45.619520085212976
08119,41.581172415650165
08121,1.9046628099495202
08123,63.590886724093224
08125,4.24292792478446
09001,1470.4860055369745
09003,1215.4912889047296
09005,205.61071521682456
09007,448.52031269885543
09009,1424.2952096422534
09011,411.68906175268245
09013,370.87227642157507
09015,230.14953890546101
10001,277.70527432746655
10003,1265.9693257578247
10005,211.17982563437488
11001,9922.667409251737
12001,283.3912367717309
12003,46.15271576522775
12005,222.76352446210015
12007,96.6247338091318
12009,535.62890877298
12011,1456.4513529263463
12013,25.80314241698893
12015,235.75621178957456
12017,242.05942622950818
12019,315.85644317956184
12021,161.90968031210156
12023,84.68932036400385
12027,54.35603295770094
12029,23.12024769769081
12031,1136.762128177677
12033,455.26543084813875
12035,197.72340105590357
12037,21.590537192014587
12039,90.68390105590977
12041,48.27312062274614
12043,16.06929947432349
12045,28.00649631568123
12047,28.66540804608887
12049,42.87822033512966
12051,33.54500108436348
12053,365.65024262547644
12055,97.12034546017912
12057,1213.8286673188175
12059,41.71253005052457
12061,274.8273914634341
12063,54.03264470013947
12065,24.350646636403916
12067,15.951094107406734
12069,317.5629088824262
12071,795.595484077383
12073,414.64372904332595
12075,36.255394802031105
12077,9.933434024046091
12079,27.569588532476565
12081,437.23306740464454
12083,209.51553315586924
12085,269.56155329515843
12086,1323.8118875532482
12087,74.7242398416731
12089,113.01047269744804
12091,197.1519392161437
12093,51.73440775749504
12095,1277.1285845373573
12097,205.1711058696617
12099,672.2052348429735
12101,622.9545071135353
12103,3350.5929532248106
12105,336.2718644682471
12107,102.00901017286449
12109,318.8102987571901
12111,486.50699566027777
12113,151.3298174682806
12115,684.477249994603
12117,1369.2116641495888
12119,172.30629711500313
12121,61.41438845577385
12123,21.624548909475177
12125,63.22981162443135
12127,450.10590064593947
12129,50.211157631934356
12131,53.34200698710999
12133,42.43629494014272
13001,36.0474953705621
13003,24.618276750092818
13005,43.02023389641731
13007,10.185878389443886
13009,179.86844758846433
13011,78.63295000667843
13013,431.2671153834158
13015,217.32848214752013
13017,70.41391966288317
13019,42.33486834389252
13021,622.8329369559821
13023,60.26312132301848
13025,41.32136123808103
13027,32.5851948905376
13029,70.22549871893973
13031,104.57648455951094
13033,28.105077826469703
13035,128.37255210338787
13037,23.4728052873555
13039,82.27233799600343
13043,45.288095982620426
13045,221.91008984603548
13047,396.06805666043823
13049,16.745607412846315
13051,624.5799496760367
13053,47.91023414383121
13055,82.67430059552305
13057,509.90575657972744
13059,987.9362416107382
13061,16.24518248959725
13063,1851.1407784135058
13065,8.497641904371537
13067,2037.4673463918314
13069,74.01534002090082
13071,83.67315810075475
13073,429.74594091488854
13075,75.15781688838803
13077,288.5332462371737
13079,39.09347221196228
13081,86.06552866466362
13083,95.40122197251425
13085,105.51629274771142
13087,46.580366413236426
13089,2596.10511917842
13091,43.37453870818125
13093,37.06689799459101
13095,287.7826760250571
13097,660.3987664132516
13099,21.319016609636474
13101,9.698862842075325
13103,109.27988277161398
13105,57.264531198815
13107,33.20579955451335
13109,59.80213614214698
13111,60.90664377345025
13113,548.1316442148377
13115,188.6682185714762
13117,790.5642774561314
13119,84.39867378975667
13121,1765.0459996012419
13123,66.18839968115535
13125,21.441491582023097
13127,189.70203905630214
13129,155.1173666696645
13131,55.151839164670086
13133,41.266276923871104
13135,1883.494468880044
13137,155.51781455517815
13139,460.38515003233346
13141,19.96859111437963
13143,101.45482253291513
13145,68.70474207157623
13147,108.76786836148953
13149,39.7121913319596
13151,630.7605385453563
13153,374.65682841553917
13155,27.222211247294286
13157,177.43469262180454
13159,37.44516724838048
13161,45.2681864908992
13163,31.942030637150154
13165,24.409768514652484
13167,32.939506946965444
13169,72.69764147710397
13171,98.91553133514986
13173,54.334155596698714
13175,59.78476296178849
13177,79.96143727654982
13179,132.01892197035122
13181,37.845802832968914
13183,36.19348826984234
13185,221.2004047848472
13187,106.17354638730724
13189,84.52542326799009
13191,33.27606239939288
13193,36.32179432459484
13195,99.13889292305295
13197,23.538058431215042
13199,43.824804528124204
13201,21.577715538150493
13205,45.910346915062924
13207,66.66363374429432
13209,37.8001277539109
13211,51.58788423170932
13213,115.06215417486776
13215,883.9707003720222
13217,367.6022648358876
13219,178.05632427152858
13221,33.58678122693685
13223,454.3157206960499
13225,183.21387929485516
13227,126.88692864253179
13229,58.86683475832085
13231,82.2126375609711
13233,133.24482568612225
13235,47.38767462685369
13237,61.467216420660456
13239,16.80805622962635
13241,44.046779263391464
13243,17.737882849643654
13245,617.702558536781
13247,654.9505751465795
13249,29.73530010904342
13251,22.591811204757086
13253,37.4745988963805
13255,325.6442492199787
13257,145.16192060559035
13259,13.059884507981767
13261,67.17464579228792
13263,17.302479119239425
13265,8.601907424155225
13267,52.19616898517531
13269,23.09615966614103
13271,37.30136770157076
13273,27.918637963981528
13275,82.10673600246788
13277,156.1516327752351
13279,74.91655334404747
13281,62.985176779957136
13283,34.351872279829124
13285,162.19310704658105
13287,30.953807556597397
13289,25.067104169108084
13291,66.30095115026435
13293,83.66698924365487
13295,153.3741506656899
13297,257.21874232375336
13299,40.44882633526843
13301,20.35891916228746
13303,31.08841893015276
13305,46.98984226608308
13307,13.260455819202555
13309,25.62575300185458
13311,112.76517952851434
13313,351.68557893577173
13315,24.204074608490753
13317,22.147436580118853
13319,21.410303415096532
13321,38.1039491713714
15001,46.02279257584307
15003,1590.0559806772612
15007,108.25445676789965
15009,133.3914754877441
16001,375.2327622898489
16003,2.91697479780728
16005,74.26698849268158
16007,6.13160850854291
16009,11.906770003747022
16011,21.6391958272723
16013,8.065937707341467
16015,3.693062003320281
16017,23.52509810771873
16019,55.82674241202265
16021,8.558523049757206
16023,1.267214149781307
16025,1.1875368196907752
16027,322.44752030236475
16029,3.895369204136166
16031,8.893676262075154
16033,0.4421305021865621
16035,3.5319626545513443
16037,0.8815388929757324
16039,8.669031312586634
16041,19.19550362015837
16043,7.042030560362753
16045,29.894811909431272
16047,21.02547007913873
16049,1.912743507642481
16051,23.72197190491824
16053,37.07393856175222
16055,111.7918215613383
16057,34.7259655240354
16059,1.7294172069999763
16061,7.974185194080974
16063,4.3007978158905615
16065,79.51944348537744
16067,26.27935125945266
16069,46.252057559793045
16071,3.5298205674544874
16073,1.4974865993930477
16075,55.58081633555929
16077,5.4954836908685385
16079,4.866399332234334
16081,22.264693318144605
16083,40.14234756895774
16085,2.6723863867387636
16087,6.981504244374671
17001,78.4586565513177
17003,34.59315779864039
17005,46.707811896002674
17007,192.86546332809678
17009,22.620555157440762
17011,40.04229998699701
17013,19.954693194129813
17015,34.48237100585198
17017,36.10790329361552
17019,201.68408838603344
17021,49.06417884989223
17023,32.613508091053774
17025,29.52707146456666
17027,79.71777212947046
17029,105.61469709280708
17031,5498.2905368095235
17033,44.58004323432417
17035,31.916861258178624
17037,166.03649254641562
17039,41.66404620729384
17041,47.779391117564465
17043,2804.9184883007274
17045,29.698062479346266
17047,30.083267390835193
17049,71.55314478347958
17051,30.820034557741856
17053,28.92202892820665
17055,96.64725634585425
17057,42.732455709656364
17059,17.308888758198663
17061,25.465038976536732
17063,119.29394823020598
17065,19.39424614358184
17067,24.017104139211764
17069,24.306024965075935
17071,19.201735678540512
17073,61.213752377017805
17075,26.57171292633418
17077,102.71178141387924
17079,19.62953226426159
17081,68.11994348432776
17083,62.119689875457325
17085,37.703360744784035
17087,36.79106756029833
17089,990.0645697210696
17091,167.2736624906142
17093,356.58295222189275
17095,73.55997738677685
17097,1580.6387630446052
17099,100.15469675559675
17101,45.08057972260584
17103,49.35604555687988
17105,37.25324025529429
17107,48.98885057899003
17109,55.255536496851924
17111,510.90486777381545
17113,143.39374232071242
17115,190.3910699186656
17117,55.29223345300647
17119,375.339234357488
17121,68.69591500498808
17123,32.49058272081161
17125,27.142004087249042
17127,64.79272230606446
17129,40.47869684547302
17131,29.260408908022423
17133,85.71962878982679
17135,42.59990592408273
17137,62.490440249582015
17139,44.18606727927059
17141,70.36623981312304
17143,301.0276013430037
17145,50.450356640808046
17147,37.97569227826831
17149,19.76951602213666
17151,11.928844537245437
17153,30.65993925245375
17155,37.26250460474148
17157,57.954821894005214
17159,44.9484707908553
17161,344.9288647354292
17163,408.77129769414034
17165,65.75500435733862
17167,227.42548099624324
17169,17.14946955334539
17171,21.210539111166025
17173,29.420333991190773
17175,20.768608610832445
17177,84.1985180408947
17179,208.33037995358828
17181,43.049008486935826
17183,90.67887547196693
17185,53.45976743769373
17187,32.674846286446474
17189,26.115768292769637
17191,23.433275335031254
17193,29.682718699344743
17195,85.34892217756668
17197,809.7293848308296
17199,157.8844647970125
17201,573.5387504334174
17203,73.39157520192346
18001,101.29841782979577
18003,541.5117418318354
18005,189.96185870024672
18007,21.69195262020875
18009,77.18681851223648
18011,134.3609678586376
18013,48.66001455216824
18015,54.01317486244842
18017,94.32131115721027
18019,295.28905338536424
18021,75.25829133360557
18023,81.90929962722493
18025,35.01470670030068
18027,73.58546358795493
18029,163.6014345941764
18031,69.17394945352257
18033,116.35944700460828
18035,299.54555191725063
18037,98.28702761024086
18039,427.95086037524015
18041,112.6438278437683
18043,504.28228613918276
18045,43.50243645995511
18047,60.10977291054288
18049,56.35905621247163
18051,68.59068773257079
18053,168.77659548776305
18055,60.889040451985736
18057,700.2817887370741
18059,228.0207570845969
18061,80.70321723121631
18063,358.5059140696614
18065,126.01179965090999
18067,282.92789457341064
18069,97.07017621801589
18071,83.27704825333
18073,59.62742908197453
18075,55.62053112098045
18077,90.12259068133356
18079,75.34328421622855
18081,437.0199764688993
18083,74.39863108999266
18085,145.52270404850756
18087,98.21296862158346
18089,992.5224616753613
18091,186.08588682247506
18093,102.70322017596979
18095,290.417445758605
18097,2282.461682875008
18099,106.04581756377513
18101,30.678775350944342
18103,98.57105408167087
18105,349.9235758880025
18107,75.71544926508037
18109,170.88687498298137
18111,35.3420831891756
18113,115.7303398135054
18115,70.73368934293012
18117,49.770700349157984
18119,56.01783600838853
18121,38.79567222818179
18123,50.84261789184418
18125,38.442666602839886
18127,393.12404789634417
18129,63.09040434991736
18131,30.88903698613395
18133,79.0692737988213
18135,57.697196377373835
18137,64.29285032681788
18139,42.50913937920828
18141,582.6908376105711
18143,126.28350236610869
18145,108.07570041858509
18147,52.799790292984895
18149,75.40419365064987
18151,110.42956700190004
18153,47.81255171735153
18155,47.63113405519574
18157,346.76854619592405
18159,61.09211218195985
18161,46.20279859078053
18163,769.2900738837135
18165,63.15838647139888
18167,267.2985993508763
18169,79.53757449676796
18171,23.280620597179453
18173,154.9913594844276
18175,54.81921261375249
18177,171.24757305720118
18179,75.19146288784988
18181,48.72457312546399
18183,99.03775378536157
19001,13.399593515215074
19003,9.510224613226463
19005,22.35237418672408
19007,25.85603629256051
19009,13.719040728190517
19011,36.36084410099614
19013,231.26576394252777
19015,46.055681816193676
19017,55.78710241872705
19019,36.755280025218035
19021,35.16171955854344
19023,25.682130415371702
19025,17.43255761726974
19027,36.44125689057788
19029,24.57161389337355
19031,31.834404489883262
19033,77.56817106066552
19035,20.819682929281374
19037,24.602482255442325
19039,21.536898695864945
19041,29.350995525687626
19043,23.192158645873874
19045,70.61870876294223
19047,23.943208389924248
19049,113.8539239727622
19051,17.36003249778967
19053,15.759164173941164
19055,30.672117641357254
19057,96.769464797668
19059,44.082331860243926
19061,154.15950879903997
19063,25.92432612665863
19065,28.590155320595883
19067,32.36708800076703
19069,18.29984947729444
19071,14.424337278685318
19073,16.335015292130606
19075,24.769954847785627
19077,18.48057972977549
19079,27.072341443707945
19081,19.824695055209673
19083,30.7022397405969
19085,21.29302229467545
19087,46.60533053360594
19089,20.217729393468115
19091,22.60378679043725
19093,16.484051280625156
19095,27.828127211372703
19097,31.141172160826617
19099,50.41346074861039
19101,38.55479782324172
19103,214.3622565305192
19105,35.93684038629584
19107,18.09457870537433
19109,15.944979027880581
19111,69.06233213144277
19113,295.6617565003906
19115,28.49419811532086
19117,20.69936111362702
19119,19.77877988598656
19121,27.860664591822548
19123,39.29489211947525
19125,60.20911251609459
19127,70.86101159648629
19129,34.35466135694969
19131,22.938058077346934
19133,13.31562143408753
19135,18.396873522935568
19137,25.25365659271346
19139,97.67320655863615
19141,24.958335878262236
19143,16.085421035205826
19145,29.72658718141406
19147,16.67482495158235
19149,28.86916454299664
19151,12.658490994229448
19153,752.5527409614932
19155,97.64806162394243
19157,32.29093296314785
19159,9.566795767677936
19161,17.92484330761793
19163,361.1350632737307
19165,20.579607602843026
19167,43.96016305451289
19169,156.6535967794308
19171,24.612661942744282
19173,11.829246740941002
19175,29.564847926919946
19177,15.604727004944419
19179,82.08960408305988
19181,81.14568105758414
19183,38.262413529406594
19185,12.127048532935442
19187,52.95415577283443
19189,26.967032802399064
19191,30.488441267024992
19193,116.80113286146049
19195,18.94667389777643
19197,22.6955559920196
20001,26.711812641539225
20003,13.915389737874497
20005,39.088809106342715
20007,4.291610857502118
20009,30.77507259325441
20011,23.69895715146718
20013,17.45049678386749
20015,45.91139151093497
20017,3.606447106304815
20019,5.719374969673539
20021,36.62724995234594
20023,2.6708841273592077
20025,2.255210171634012
20027,13.244981799191386
20029,13.251004414671584
20031,13.642301502359848
20033,2.401376129331801
20035,32.20874972240728
20037,66.35456019099425
20039,3.289249113335281
20041,23.33449813002909
20043,20.159886122443794
20045,243.65006767265302
20047,4.857741029821803
20049,4.432958487578869
20051,31.697543759834296
20053,9.048022831694482
20055,28.117456126000125
20057,30.70735729159743
20059,45.32702761317765
20061,88.6853969393008
20063,2.585696089729533
20065,2.912560849929106
20067,13.599512874043146
20069,6.884828172781335
20071,1.585201361680262
20073,5.819994752033587
20075,2.6653072529272217
20077,7.485625925875081
20079,64.05140119387721
20081,7.310556672398061
20083,2.2663001516293177
20085,20.421598343230976
20087,35.743389651015626
20089,3.390925948112787
20091,1153.5167678901505
20093,4.539695339575414
20095,9.12246644806414
20097,3.4636934901105536
20099,33.43277105819819
20101,2.322096856248824
20103,164.8247416443583
20105,4.5037781694643835
20107,16.18189439096117
20109,2.577833613235489
20111,40.240762548467565
20113,32.51569120335221
20115,13.306293617426851
20117,11.201055785323652
20119,4.604902626348549
20121,56.53674645320771
20123,9.061089325612148
20125,54.64727975671573
20127,8.510252718692783
20129,4.39477012762237
20131,14.17565828997236
20133,28.874555533779432
20135,2.8862526168876483
20137,6.443207984202867
20139,23.10359197072222
20141,4.315947043374596
20143,8.462218324955288
20145,9.207663639870972
20147,6.297714016731443
20149,25.70681860878788
20151,13.155657136637894
20153,2.3891544543937995
20155,51.25758157511953
20157,6.9211049791530455
20159,13.875635639605253
20161,117.95739712121437
20163,5.844814285377408
20165,4.544675610194451
20167,7.81486245571277
20169,77.04953313200735
20171,6.789827522772123
20173,498.30177481574157
20175,35.98609532179197
20177,326.6227463898121
20179,2.8595122310557315
20181,5.7155518689172835
20183,4.282691115789003
20185,5.5527077972744
20187,3.233653514025972
20189,7.745159103689985
20191,20.30558208912289
20193,7.308174380075315
20195,3.3469068374934507
20197,8.873199362459115
20199,1.6505190159929601
20201,6.4889198843036535
20203,3.115919439774663
20205,16.423044153585614
20207,6.650998352818288
20209,1037.4274406332454
21001,46.01969487987406
21003,58.10279434741445
21005,106.23687026834199
21007,33.51996075553699
21009,86.61630509023857
21011,41.84122930356681
21013,79.70194986072423
21015,484.6829220771313
21017,69.0462137450426
21019,308.7499374468298
21021,157.87954642585572
21023,41.28163725852577
21025,28.273014725443886
21027,35.382564724633795
21029,250.58917797888387
21031,29.91870223991288
21033,37.637293316820916
21035,96.61291202298058
21037,595.5997039151929
21039,26.822006609162028
21041,84.3982608560384
21043,67.38527360462618
21045,35.981361006685724
21047,102.74800244737652
21049,140.83251803234535
21051,46.52773486031877
21053,51.93514697382964
21055,25.895119349246567
21057,22.468559744676945
21059,210.99998690945267
21061,40.08478521409257
21063,33.17756012205791
21065,57.87543761211958
21067,1046.2437731139541
21069,41.35799989671259
21071,100.30380454817018
21073,237.78442047297915
21075,32.88500467144191
21077,84.09230100559101
21079,73.41889889037148
21081,95.68352295854089
21083,67.42269498661514
21085,51.8866594993336
21087,39.53725780851227
21089,107.20767021780097
21091,45.765566047790585
21093,167.68279964959456
21095,62.705547970495545
21097,61.3028945959708
21099,44.35481913969414
21101,105.92462483024899
21103,53.892048233173576
21105,20.097080165432526
21107,86.51555826160758
21109,39.03522875078578
21111,1948.616777422611
21113,282.3154151851077
21115,89.09613556630389
21117,997.9781591263651
21119,46.56376060400889
21121,82.51164259624072
21123,54.20256272010829
21125,135.70824490209768
21127,38.23193253046836
21129,37.494553689845205
21131,28.235423256927884
21133,72.01832418899484
21135,28.765460736150576
21137,73.84426585252697
21139,30.27206213453327
21141,48.513849068427604
21143,38.98241676019454
21145,263.5561058759206
21147,42.65199635428991
21149,37.84152031496312
21151,190.20199271426708
21153,42.88947102229254
21155,57.9345088161209
21157,104.20809087378383
21159,56.33152588140502
21161,72.8569762793177
21163,94.88152496701296
21165,31.097575951076944
21167,85.54363597631804
21169,34.78050717257332
21171,33.16908186159764
21173,134.3544480812298
21175,36.4655351103438
21177,67.2241740690547
21179,104.18862212343599
21181,36.3373656946985
21183,40.82421493204194
21185,322.38887286478865
21187,30.959575964887797
21189,24.132882825836976
21191,53.29470300226947
21193,84.24941855330172
21195,82.46603790130814
21197,70.61163600198905
21199,95.7536967959077
21201,22.53005174605399
21203,53.98916425784643
21205,83.45753140692293
21207,69.2352270980103
21209,167.55392772726307
21211,111.38564308969646
21213,73.96543184574132
21215,91.78956164926583
21217,92.0447419901099
21219,33.30342647184483
21221,32.35372072319015
21223,58.22035239502005
21225,43.72770519966516
21227,210.09416543574594
21229,39.36205284156278
21231,45.43946570050418
21233,41.02511575782589
21235,81.66640020099126
21237,32.84857159575282
21239,131.61602678193066
22001,94.04550928915204
22003,33.78631142473489
22005,371.22087309168535
22007,68.86298271412457
22009,50.364353209984216
22011,30.81370934434247
22013,17.641519202039277
22015,140.15953679333663
22017,290.2204683002121
22019,180.79760524754647
22021,19.111299995277896
22023,5.3965835127913975
22025,14.701354462381538
22027,22.59835364125064
22029,29.59306663605579
22031,30.48839682084655
22033,965.496492992573
22035,18.392979386932378
22037,44.66597560706645
22039,51.313600391317344
22041,33.164421175660635
22043,34.28943775212822
22045,128.07105246198034
22047,53.967899881511805
22049,28.479416988912178
22051,1463.6642853277046
22053,48.40725410238774
22055,824.6576362012503
22057,90.2937051939031
22059,23.756011039181413
22061,98.66198048933528
22063,197.7755801341934
22065,19.39827396518784
22067,35.08844759439148
22069,31.490517069275306
22071,2015.1160114034103
22073,251.88481109294472
22075,29.772627902414506
22077,40.94583974766124
22079,99.89286489291798
22081,23.30566192911666
22083,37.179608724194736
22085,27.998324600563773
22087,95.21955302675111
22089,188.70013580189408
22091,27.193727763997813
22093,90.99227033539374
22095,214.67492056638397
22097,90.67637645189468
22099,70.95931935015075
22101,97.7440630632415
22103,277.0773140827697
22105,153.18188998767812
22107,8.608390401868663
22109,90.65159946907612
22111,25.80765073182301
22113,49.47242539415735
22115,38.81437748040153
22117,70.23636159964154
22119,69.39952447599616
22121,123.43420272981486
22123,32.21779193985197
22125,38.62713100239575
22127,16.033285407847288
23001,230.30515443648264
23003,10.756026159701289
23005,337.79831210393166
23007,18.097275211907988
23009,34.32493558166808
23011,140.65547466121976
23013,109.13253764371436
23015,75.55647210070686
23017,27.83748386972516
23019,45.25334656713061
23021,4.401068859862616
23023,139.5139833264353
23025,13.27539500912623
23027,53.10322529380012
23029,12.811687855587554
23031,199.71576026558648
24001,175.98394937735466
24003,1297.831777142554
24005,1349.3486566984566
24009,416.48213481459237
24011,103.14665063756381
24013,373.6614573442509
24015,291.99215647769245
24017,321.37044537508547
24019,60.22948970440025
24021,354.832699959559
24023,46.482553782009965
24025,561.432568653066
24027,1151.2915717812405
24029,72.85853517669567
24031,1984.358397081754
24033,1792.9544988408734
24035,128.77916043752757
24037,295.447673441962
24039,82.57773134869872
24041,140.56111239377665
24043,323.04163572021497
24045,264.23176763414557
24047,109.758884088827
24510,7667.5726428147855
25001,548.6623844682683
25003,141.19817657054998
25005,992.1225248419804
25007,160.59857620223738
25009,1512.4177008829326
25011,102.22659473001592
25013,751.9719998703698
25015,301.27737053228515
25017,1843.3928372728863
25019,226.6844563042028
25021,1696.7167796417616
25023,751.6701437620908
25025,12458.334766310143
25027,529.0527346982003
26001,16.2218252703514
26003,10.415596621023528
26005,135.221531910459
26007,51.76441786451229
26009,49.682259729284866
26011,43.921793216241596
26013,9.805656955637419
26015,107.12322723886804
26017,243.3473056870645
26019,54.90703901108525
26021,276.10713927154177
26023,88.71001186881503
26025,192.66021270600496
26027,106.94973289094034
26029,62.58601764427546
26031,36.622841356478176
26033,24.973370464958098
26035,54.799181308311844
26037,132.89713422126806
26039,25.38110304163371
26041,31.65837813467043
26043,34.52324665090622
26045,187.52727430781937
26047,70.15918920884546
26049,667.7431053240541
26051,51.28951191660074
26053,14.790592903383313
26055,188.40654619226373
26057,74.48140955275971
26059,77.93751556927974
26061,36.189709830254515
26063,39.48876758094354
26065,505.86743868229877
26067,112.28522817974319
26069,47.13201334557163
26071,10.1505039235981
26073,122.557741973224
26075,228.39499134916042
26077,446.3641575478316
26079,30.777062327525385
26081,714.6176624775075
26083,4.013982285155672
26085,20.344748576766484
26087,137.8290363817895
26089,62.438970997001476
26091,133.24972817204875
26093,321.40949024686245
26095,7.329731124552041
26097,10.908710033291927
26099,1756.5287976578752
26101,45.657190182034824
26103,37.14773437970892
26105,57.91469136874763
26107,77.37208393160515
26109,23.0260353862112
26111,162.21503797556622
26113,26.46416138091747
26115,276.566544228732
26117,89.81725236355597
26119,17.760484978862664
26121,344.02879542349865
26123,59.66153634266433
26125,1391.2048802357597
26127,52.01622431264414
26129,38.463995684025214
26131,5.112013575091995
26133,41.466054368801764
26135,15.394242139815566
26137,46.94439104337914
26139,470.00977874480674
26141,20.29393413579994
26143,47.046394014271534
26145,249.98562704814566
26147,225.99109779940932
26149,122.483224828253
26151,44.7719948554177
26153,7.2181177744122635
26155,132.6667520935877
26157,69.24932171375139
26159,125.35351307216439
26161,490.12344804629123
26163,2977.50130701869
26165,57.86528189280747
27001,8.874308804647184
27003,784.0216543344129
27005,24.787048083071586
27007,17.825576660518813
27009,94.44013117773407
27011,10.52057825105907
27013,85.5673108295313
27015,42.17382055016446
27017,40.98534794707568
27019,257.8282650109363
27021,14.107547604749245
27023,21.212413228203374
27025,129.02121669374395
27027,56.37929682044375
27029,8.68120207419865
27031,3.5847155880042165
27033,18.266234478006922
27035,62.57763275764567
27037,710.5402655433962
27039,45.69109170544259
27041,56.750353051937864
27043,20.416126297587564
27045,24.242424242424242
27047,44.107726489102475
27049,60.96945449356401
27051,10.974897840046703
27053,2091.8674617181277
27055,34.41848501425575
27057,22.007724093229267
27059,87.20634061047191
27061,16.887816646562122
27063,14.613460942100936
27065,31.16456346604395
27067,52.90009224571246
27069,4.138135645665652
27071,4.282442084102485
27073,9.463792497199423
27075,5.143432014154513
27077,3.1120244030792015
27079,61.823691951154295
27081,10.94722565332171
27083,35.98583182074538
27085,74.32178093926193
27087,9.754820946515187
27089,5.337823677740796
27091,29.096774465253592
27093,38.2486706194568
27095,45.43691356083242
27097,29.48548613320866
27099,54.988619893185856
27101,12.331453578959618
27103,72.88614786373954
27105,29.85431530430453
27107,7.786532598371428
27109,221.1788798942066
27111,29.09686684231984
27113,22.62516826962064
27115,20.94822534576547
27117,20.505101547128834
27119,15.943155391227764
27121,16.392096315884565
27123,3356.404225685228
27125,9.481807648812346
27127,18.21819953287835
27129,15.925225809996071
27131,129.45949435527473
27133,19.93968349379735
27135,9.371249854929582
27137,32.03732240014688
27139,366.61374117752666
27141,204.56115144473424
27143,25.797455411962723
27145,111.90775597055543
27147,85.00971732476813
27149,17.231957189799928
27151,13.157557847302794
27153,26.225896366279994
27155,6.1839826311809345
27157,41.370448696131035
27159,25.748319869915786
27161,45.089711731970255
27163,621.2130674868977
27165,25.697383819177972
27167,8.76747936299948
27169,82.21096572054563
27171,188.5791517815973
27173,13.643770723526906
28001,70.04868005890914
28003,92.55870692284233
28005,17.996164908916587
28007,26.4686754233437
28009,21.457591437621737
28011,39.06006687406525
28013,25.406897351224828
28015,16.79764040347445
28017,34.79220931924214
28019,20.340669142492295
28021,19.86229139567424
28023,24.131159678058403
28025,50.31494085257159
28027,47.24296849262004
28029,37.72817802388954
28031,47.29670945789189
28033,339.2579991389178
28035,161.64644424143387
28037,14.2875133696005
28039,47.16653993666285
28041,20.135951343729612
28043,51.84941258969882
28045,92.96925791771152
28047,327.72119569194103
28049,283.2279954607176
28051,25.38261580892799
28053,22.459264356939578
28055,3.7671440157852047
28057,43.84866747874855
28059,192.9148783680201
28061,25.187691406787202
28063,14.892303431403661
28065,30.271053733323864
28067,97.6806108276542
28069,13.562051836247784
28071,75.32910775231593
28073,111.81861162245626
28075,113.9853958165751
28077,29.79557338831768
28079,40.41680960548885
28081,184.98680967483128
28083,54.33566398161134
28085,59.45932112298781
28087,117.86931587765994
28089,133.6321878332722
28091,49.429924186554175
28093,52.420513938824094
28095,48.245052241946745
28097,26.699035090090202
28099,52.060806011144614
28101,37.51401131976253
28103,16.55930189401241
28105,103.63574064657215
28107,50.60979881601533
28109,68.92163041105587
28111,18.875183081705426
28113,98.52939378751391
28115,60.20225482178629
28117,61.16921297411923
28119,20.174710872764265
28121,183.28658839307013
28123,46.30284724673129
28125,11.19938849254146
28127,46.63565091494205
28129,25.815243016917826
28131,39.63545349450599
28133,41.89155490330403
28135,23.65145485426662
28137,70.60991849470919
28139,48.26185249500344
28141,46.135098313746006
28143,23.56884583916176
28145,65.3877063893474
28147,38.136474362782955
28149,82.27513632092385
28151,70.38376468283151
28153,25.598519888991675
28155,24.141207773079298
28157,14.419574520797632
28159,31.552338841818376
28161,27.073891794343744
28163,30.575970234477168
29001,45.02189225204644
29003,39.76168411127262
29005,10.348948112742143
29007,37.0062189863269
29009,45.84639145982465
29011,20.996045080340114
29013,20.321768303395885
29015,27.016163395165187
29017,20.049975238952204
29019,238.20056199610747
29021,218.51985285287495
29023,61.600560842645926
29025,21.815555133409788
29027,52.909564748524694
29029,66.67093546041228
29031,130.83045969561047
29033,13.358363769595217
29035,12.269370330001715
29037,142.63614394204663
29039,29.381453076295674
29041,10.329068493478935
29043,137.6960605710528
29045,14.032320702527484
29047,558.8953380082457
29049,49.37750026255741
29051,192.54095238095238
29053,31.06070666560428
29055,33.33661047491169
29057,15.940425948752278
29059,31.113042513453042
29061,14.80896243164548
29063,30.56322919336618
29065,20.716268813347682
29067,16.825788562888384
29069,59.08673385464701
29071,109.94048864125304
29073,29.277543776301027
29075,13.78245174208725
29077,408.217632355206
29079,23.562061772300794
29081,12.319654977688707
29083,31.901995417155106
29085,23.939402291707907
29087,10.460499726600574
29089,21.903679861334183
29091,43.4942971028247
29093,19.19641477922215
29095,1113.029437747948
29097,182.4516395791927
29099,332.9551390511233
29101,63.8672972523219
29103,8.15656801141245
29105,46.43155572584368
29107,52.953934627876
29109,63.03198923720488
29111,20.202280206398676
29113,84.01004858304763
29115,20.57950107543651
29117,28.305803365963527
29119,42.578038110773335
29121,19.385267845442055
29123,24.94791561317988
29125,17.344144643334932
29127,65.69334712673141
29129,8.291559707823328
29131,41.886954834245984
29133,34.5762580087127
29135,37.55677368833203
29137,13.704869737343916
29139,22.71527859363316
29141,34.26696406310918
29143,27.828818682947066
29145,93.33749489808169
29147,26.574637043253773
29149,13.782039919169
29151,22.928918202486656
29153,12.98303828868736
29155,37.12967775467775
29157,40.02496026174544
29159,61.62803310359384
29161,66.72531647077037
29163,27.70427690554533
29165,213.15833313501037
29167,48.83379515768902
29169,94.35221047744557
29171,9.618860389277755
29173,21.707987338781262
29175,52.59755865120866
29177,41.177556456078975
29179,8.26491258883977
29181,22.34975863213759
29183,643.5982763389154
29185,14.467531265718682
29186,36.19331146962955
29187,144.38565393560782
29189,1967.5994486018117
29195,30.7503335521718
29197,14.308353644448639
29199,11.090729633980732
29201,93.3165075358937
29203,8.375007471459027
29205,12.63416815742397
29207,36.323130334223336
29209,68.89165210232893
29211,10.288881927093541
29213,81.5829585918575
29215,21.949160172807165
29217,25.36066156984891
29219,75.68811085368444
29221,33.05641566863575
29223,17.708673614550513
29225,61.061964823934034
29227,8.049119885376932
29229,27.475501304690283
29510,5145.083913485923
30001,1.665215828428634
30003,2.5767386479969216
30005,1.5408466282803313
30007,4.674891680873026
30009,4.908755810752504
30011,0.38194993223082707
30013,30.112395197019598
30015,1.4628112155404875
30017,3.0940734722186245
30019,1.2158992500552204
30021,3.803757802404437
30023,12.595549400567526
30025,1.8824362711103102
30027,2.65150284471438
30029,17.879929083311385
30031,34.709871213963716
30033,0.23527620142722822
30035,4.480067504757276
30037,0.6542776485482524
30039,1.7847477299896088
30041,5.573387651757272
30043,6.858838936227892
30045,1.097431251440646
30047,19.322886957688823
30049,18.339159969793236
30051,1.6265222423070602
30053,5.423320110403896
30055,0.6840266165047147
30057,2.143006073337191
30059,0.7943432725186911
30061,3.446672521827696
30063,42.18438635564412
30065,2.4607165893622316
30067,5.584961879201431
30069,0.3420206167127226
30071,0.8176987121683024
30073,3.7877504139289644
30075,0.4970736645580715
30077,3.0377511614551627
30079,0.6869203569682686
30081,16.860735287167046
30083,4.779422525229795
30085,4.449223349992972
30087,1.848354682917658
30089,4.1372579988436975
30091,2.0553581224509267
30093,47.550582690886415
30095,5.066421589105189
30097,1.973366824690533
30099,2.676494856702789
30101,2.7197077540903933
30103,0.7141410152261413
30105,1.5069575232057855
30107,1.5050643095289122
30109,1.0109472429478277
30111,56.275903867931184
31001,55.566404863014675
31003,7.763486067721396
31005,0.6849745930342277
31007,1.0427360966286654
31009,0.8215239268843706
31011,7.97169632687305
31013,10.55061271672
31015,3.750416712968107
31017,2.606168833561363
31019,47.85603318624292
31021,13.891912014500155
31023,14.267225387967661
31025,45.23128697667577
31027,11.896335599044727
31029,4.431927318180852
31031,0.9599991410004192
31033,8.390963038133826
31035,11.352655738621571
31037,25.392314045571588
31039,16.01769306665218
31041,4.233704856724191
31043,78.97296172257857
31045,6.570881884531216
31047,23.953307485174157
31049,4.460601430939113
31051,12.56110467167263
31053,69.20670467140528
31055,1577.9056491756862
31057,2.170324831082183
31059,10.196899044268829
31061,5.550384150492518
31063,2.7632075781455216
31065,6.844362370190731
31067,26.082483549444444
31069,1.1799683503267944
31071,3.696098562628337
31073,4.408988224509173
31075,0.7832790534691018
31077,4.413744206412301
31079,107.41750245749046
31081,16.755145723348523
31083,6.177434566892998
31085,1.4542914921844103
31087,4.082017852137425
31089,4.3185227650981455
31091,0.9554568512080496
31093,11.05496393173112
31095,13.27990038320896
31097,13.796001074322366
31099,12.618064326171345
31101,7.803315749811606
31103,0.9598071072293396
31105,3.9806859512988444
31107,7.802589434745343
31109,341.98039992931746
31111,14.122870376292674
31113,1.2687064101216137
31115,0.9396610885287442
31117,0.40513355437171694
31119,60.700872817302
31121,16.043111608827733
31123,3.5067191632755974
31125,8.445926821591684
31127,17.732742241925273
31129,7.80659126670202
31131,25.549395660712342
31133,6.386359682189874
31135,3.3362201203393953
31137,17.01402397228552
31139,12.61406474324421
31141,47.76288129080689
31143,12.252905816195005
31145,15.360153978116697
31147,15.140258045810379
31149,1.5272959522690264
31151,24.87378444578393
31153,667.0279091175363
31155,27.586059816004077
31157,49.81735215397328
31159,29.275779275779275
31161,2.2254433065040136
31163,5.537018316520215
31165,0.6106234940050514
31167,14.345167297972422
31169,9.053566791621574
31171,1.165112248961073
31173,17.597260051221593
31175,7.60851195673605
31177,51.80301468363259
31179,21.543637040967226
31181,6.562732100335181
31183,1.2604705988713136
31185,23.976873766397095
32001,5.025699438064375
32003,247.70830537579306
32005,66.30229710631954
32007,2.861588527879769
32009,0.25573191255085326
32011,0.43322243733002785
32013,1.712624848857823
32015,1.047520949052887
32017,0.49674594726969357
32019,25.88313835738489
32021,1.2571798881061935
32023,2.4090409793815
32027,1.1110627024020125
32029,15.251787616004867
32031,66.96056687282204
32033,1.1229602616056877
32510,381.4685266344997
33001,150.42775190389574
33003,51.297390826164985
33005,109.113293521637
33007,18.31630620415282
33009,52.07610948126378
33011,457.80521127355365
33013,157.09183870097502
33015,425.88668816213726
33017,334.1554305847279
33019,81.02167637857264
34001,493.79165886875023
34003,3891.6136286581204
34005,562.3973172246599
34007,2321.4907146698724
34009,385.74922939246295
34011,324.2981747063797
34013,6210.502963268152
34015,894.9767860747504
34017,13773.11597497348
34019,299.1825982483246
34021,1631.8440306915393
34023,2625.533319953126
34025,1342.3045992580946
34027,1072.3525947624503
34029,915.9961894522895
34031,2709.5718689224404
34033,198.87676672722725
34035,1072.3527482248942
34037,287.00959897035534
34039,5214.943366875698
34041,303.95777181313355
35001,570.2171208826803
35003,0.5323750774514746
35005,10.773295522461884
35006,6.01236264946646
35007,3.62261379541572
35009,34.240534397496575
35011,0.8908031996583173
35013,54.837399025242476
35015,12.858362833193558
35017,7.472186287192756
35019,1.5360592803389033
35021,0.28794010845744084
35023,1.4265924632971774
35025,14.72808050773731
35027,4.230928376219782
35028,164.9582749365651
35029,8.485802586547631
35031,13.190921002919552
35033,2.5009397941462477
35035,9.704214701213889
35037,3.1158359684227626
35039,6.859259180898565
35041,8.106459385371846
35043,35.385175104092276
35045,23.32639889919713
35047,6.197224194896286
35049,75.52526586690995
35051,2.8610016473013835
35053,2.6844985292655172
35055,14.876697032830862
35057,4.86868599292344
35059,1.1663960767248016
35061,71.44418130231904
36001,582.457288008508
36003,47.44643974398333
36005,32933.39034587609
36007,283.2780269947829
36009,61.27259525356365
36011,115.67102671845132
36013,126.95312131564401
36015,217.9417309845048
36017,56.50507863035897
36019,79.0613690584014
36021,99.07122206379341
36023,99.15189670382549
36025,33.1736502038213
36027,373.6548395611025
36029,881.8914100315242
36031,21.908586868558512
36033,31.73371619875528
36035,111.72848351763683
36037,121.70342600256423
36039,75.90383227666686
36041,2.8153464623002695
36043,45.67932722622514
36045,92.23705058371894
36047,35482.65928603705
36049,21.23044311548241
36051,103.22700126471477
36053,111.44214940397836
36055,1133.2019689442411
36057,124.11827025900462
36059,4701.920510262858
36061,69943.27390599676
36063,413.2579318055207
36065,193.27812185290853
36067,598.9015789000373
36069,167.2626210087491
36071,459.47694059032676
36073,109.88884600737619
36075,128.25618662323333
36077,62.04152940001996
36079,432.89971864253704
36081,20593.07853904839
36083,244.41511822706155
36085,8024.224772999829
36087,1797.8161912993373
36089,41.80755169888415
36091,271.402891908976
36093,755.2758708365116
36095,52.45417074743615
36097,56.259955593863545
36099,109.06844194559862
36101,71.18863708767482
36103,1636.2681472856232
36105,79.88580069659923
36107,98.47050339181106
36109,213.98970607754362
36111,162.34684029584562
36113,75.7827422971514
36115,75.92542686095979
36117,154.8061858879876
36119,2207.279028657575
36121,71.01186680298139
36123,74.97123997835234
37001,356.5809554586347
37003,142.36482380362622
37005,47.09030498725851
37007,50.237838976991334
37009,63.59252349607519
37011,72.10011048739916
37013,57.47396009632588
37015,30.08137057216812
37017,39.94153223961717
37019,127.42436889959892
37021,363.9564348715949
37023,179.09915026454402
37025,493.1485643360451
37027,174.93415555828878
37029,41.42486572773076
37031,131.1898643163174
37033,55.57490551207045
37035,386.7390982667078
37037,93.66374224000822
37039,59.95265970761441
37041,85.95548288717656
37043,49.243076865765474
37045,210.85531133953114
37047,61.4663717748879
37049,145.14823163008245
37051,489.5318979327472
37053,90.42130669233
37055,88.7251577904126
37057,294.2561179716832
37059,155.93419283996894
37061,71.68419260027028
37063,941.6312614739049
37065,111.3180141529596
37067,860.8837970540097
37069,122.9859950130369
37071,579.425155957273
37073,35.450660165371794
37075,30.012428144440374
37077,112.24485956694319
37079,80.42026413164466
37081,758.2049979557196
37083,75.53384542720063
37085,194.22105020781967
37087,106.40392131365452
37089,285.67714196875636
37091,69.46411374837137
37093,121.22514997031304
37095,9.482617920678962
37097,278.15409709793613
37099,81.47650049413659
37101,213.72704881467055
37103,21.550515393832267
37105,227.00120411517145
37107,148.2110182205791
37109,261.97396773825426
37111,101.96365022877478
37113,65.58912867223475
37115,46.10405498587539
37117,52.68235993035816
37119,1769.3751169245688
37121,70.17726092356328
37123,56.411664226451926
37125,126.55282062011081
37127,176.80192891653886
37129,1061.3050424467717
37131,40.9233137466478
37133,231.35023022141115
37135,336.6134114655315
37137,39.05959820168362
37139,178.73325105782794
37141,60.29811622278813
37143,54.28813099733294
37145,100.22889361289963
37147,257.6034357145596
37149,85.73146781390224
37151,180.91364149277268
37153,98.3662606765002
37155,141.08411002285033
37157,164.90820456510556
37159,270.2307899893229
37161,119.55309837259884
37163,67.11687871795415
37165,113.7417867615926
37167,153.10337496140082
37169,105.20945423598162
37171,138.21063352412594
37173,26.505882620322883
37175,86.71749513906501
37177,11.22521109925842
37179,319.2567139599696
37181,178.22473443595499
37183,1084.234194863862
37185,48.6864462161809
37187,37.585993939132806
37189,163.50030074610632
37191,221.3376919001893
37193,91.82953765057445
37195,220.0589938453014
37197,114.24936310773559
37199,56.98711120068331
38001,2.3541466901710075
38003,7.406369464330491
38005,4.80806620254222
38007,0.7294231725033576
38009,3.8653313522186545
38011,2.714736612879764
38013,1.8222710335928551
38015,50.18886438208242
38017,85.12485148195091
38019,2.669351691451425
38021,4.666495797502364
38023,1.6616618522096533
38025,1.8163169791780767
38027,3.7973819804465774
38029,2.346343934032249
38031,5.3001559517383665
38033,1.6447072600935664
38035,46.5685864982428
38037,1.434478967705539
38039,3.37605722226533
38041,2.2098159281624348
38043,1.7954557060485248
38045,3.613617780290992
38047,1.9862653577997176
38049,2.923230773007235
38051,2.885918502810513
38053,2.4243539614747984
38055,4.273107468179087
38057,8.054023320232762
38059,14.244628219304667
38061,4.289710502065964
38063,3.1728247307173234
38065,2.5951161989229226
38067,6.599659960632667
38069,4.29805615550756
38071,9.647353423420235
38073,6.37554980130039
38075,2.813969053181507
38077,11.349239681037263
38079,15.519129555664566
38081,4.514783119183984
38083,1.3184159674365654
38085,3.832394657131837
38087,0.6321393472173522
38089,18.492060221691947
38091,2.774443110577564
38093,9.436365633174956
38095,2.209726897666415
38097,9.403108536583952
38099,8.68299463855699
38101,30.801990186158996
38103,3.3263915496437186
38105,11.209679787388184
39001,48.85359165700408
39003,263.55292971855624
39005,125.79028253930726
39007,144.26204285036562
39009,128.26103360219858
39011,114.43847069902787
39013,131.88907201073422
39015,91.1521256448769
39017,787.9761741632695
39019,73.05459328094392
39021,93.27009884083056
39023,347.8928128451492
39025,436.94536606945366
39027,103.1628348552916
39029,202.29256636203144
39031,65.40015924442245
39033,108.57272279273046
39035,2795.3831112161
39037,88.23942484534358
39039,94.7236669421086
39041,393.7142573426195
39043,305.9016210973215
39045,289.7200893715641
39047,71.19601729513704
39049,2193.7435643043436
39051,105.15658181297987
39053,66.18438256918098
39055,233.61671714597017
39057,391.4059686413086
39059,76.69831154955251
39061,1974.2061048015569
39063,141.22870080059016
39065,67.99672622527397
39067,39.31510492395716
39069,67.89740631234827
39071,78.56672765800492
39073,69.71373506786954
39075,100.5862264012515
39077,121.31964719885248
39079,78.83341581331607
39081,169.82139402295698
39083,115.68352826102677
39085,1010.4618603649343
39087,137.72605658500433
39089,243.42124542124543
39091,99.94132133874602
39093,613.1284603370793
39095,1294.3861759399158
39097,92.7566407298095
39099,579.0541344871399
39101,164.73770114202355
39103,408.99662519757544
39105,55.02001869341406
39107,88.36866335531053
39109,252.4890550445177
39111,32.21049721211004
39113,1160.4864446769925
39115,36.12192410121439
39117,85.93155518999997
39119,129.39921363750585
39121,36.79034802970765
39123,162.58233071941063
39125,46.878526935582244
39127,88.45236548676255
39129,111.29617808984281
39131,65.07647371457385
39133,330.70226373207
39135,99.5944543996982
39137,71.38534616038233
39139,250.9464553606222
39141,112.80086130344695
39143,148.9571627580162
39145,129.6629209800512
39147,102.77359863670269
39149,121.07438523333538
39151,652.8975039590038
39153,1312.6362817021522
39155,339.5487928940299
39157,163.0129167283259
39159,120.80003706019966
39161,70.40800864213824
39163,32.48860219225919
39165,531.1202699133347
39167,97.71160747628059
39169,206.5921946771569
39171,89.7438029289846
39173,204.55764292252977
39175,55.610583363031964
40001,39.182042174315626
40003,6.498894922413743
40005,14.487702418307421
40007,3.0787933025913223
40009,24.971030322519837
40011,11.472129113422316
40013,46.98215863195171
40015,23.001840741804084
40017,129.7073696279162
40019,57.898865813239276
40021,62.936344421196466
40023,19.694764894717643
40025,1.3358855596820909
40027,476.180753796639
40029,11.430628510379691
40031,115.12437727195785
40033,9.754146816427305
40035,19.599292838810857
40037,73.60381248677827
40039,27.89494921709477
40041,55.99199108072996
40043,4.777503411787777
40045,3.325172653195454
40047,56.942783235361354
40049,34.247950122238414
40051,47.661193079126974
40053,4.532052582200903
40055,9.674280959263221
40057,5.376083872865297
40059,3.5341096440192987
40061,22.134492932607834
40063,17.10315206543988
40065,32.73527348748086
40067,8.493316043603855
40069,17.01247394780228
40071,50.32786831773273
40073,16.661823437000717
40075,9.279707178500155
40077,15.370873033458896
40079,31.497331385200482
40081,35.81381771138511
40083,56.44001215324925
40085,18.295897820017704
40087,60.40115577158617
40089,17.915627255061473
40091,32.76658216059603
40093,7.919471239429186
40095,42.50835399374798
40097,62.80573585642659
40099,32.32018594912332
40101,87.15528410142512
40103,15.767289023698755
40105,18.7830187512041
40107,19.727854864549837
40109,1017.3090732612981
40111,57.030267484430325
40113,21.212113118211793
40115,67.83894516174938
40117,29.180128707379986
40119,112.64007898315036
40121,34.907182284892244
40123,51.965826202225045
40125,88.45813993642024
40127,8.202252986740563
40129,3.2231039946158915
40131,128.8142065503114
40133,40.12723655538472
40135,62.30032186147925
40137,51.534971801012134
40139,10.101598962602038
40141,9.161621518618261
40143,1056.8982509303003
40145,130.11548290016117
40147,123.02685736567706
40149,11.579328267377218
40151,6.794646369011251
40153,16.284623538814827
41001,5.244500558442189
41003,126.49180919636477
41005,201.6797107663814
41007,44.71147061271409
41009,75.02316093081842
41011,39.429936479316474
41013,7.083380607340641
41015,13.729369692649897
41017,52.642216218616085
41019,21.32434485189359
41021,1.5803334802445865
41023,1.6265724435309297
41025,0.726228810924913
41027,42.546302416519616
41029,73.14872960696205
41031,12.211468537751609
41033,50.398007401498354
41035,11.168055758475099
41037,0.9689170048743184
41039,77.26439831684608
41041,46.94186871341597
41043,51.0324964226906
41045,3.1410264968042583
41047,266.7546852560123
41049,5.48629189967164
41051,1709.0543175584344
41053,101.84843956494917
41055,2.2641903425301146
41057,22.90446044731448
41059,23.587556433522654
41061,12.60430343424305
41063,2.205207633743554
41065,10.544950512676994
41067,734.3219695400633
41069,0.750547164628759
41071,138.46143100606264
42001,195.40823802509505
42003,1677.5975071054343
42005,105.54452444339663
42007,392.4759380923462
42009,49.076554683610325
42011,479.9662816139058
42013,241.7896538607836
42015,54.58258199632387
42017,1035.0451012482065
42019,233.25522061769914
42021,208.18594002187834
42023,12.765280858892918
42025,170.6627169296912
42027,138.53058010434975
42029,665.6131580209671
42031,66.55914944893264
42033,71.34308591955077
42035,44.21363447990054
42037,138.65222683126754
42039,87.41694639325574
42041,431.4054768552723
42043,510.2228943313646
42045,3039.9525682239737
42047,38.65436727510944
42049,350.5970063341984
42051,173.23452341337074
42053,17.940704846846213
42055,193.6666045085364
42057,33.89090643147885
42059,67.04413064351183
42061,52.51423730247566
42063,107.18837285225446
42065,69.05119177718956
42067,63.02286955410757
42069,466.92065400650864
42071,550.8661700977951
42073,253.74467788092412
42075,369.17030784920115
42077,1014.4828864951936
42079,360.03944591518
42081,94.78070054061797
42083,44.374114708276274
42085,173.17622569973608
42087,113.60213706508755
42089,278.39864800439267
42091,1655.9415369327592
42093,140.07002349472518
42095,804.8210435765857
42097,206.0375069812901
42099,83.03819963912991
42101,11378.073243301691
42103,105.39653296290928
42105,16.152435488748505
42107,189.99298771951908
42109,120.53360916323147
42111,72.26347621964045
42113,14.34191225496733
42115,52.42793906015654
42117,37.11540429074924
42119,142.2359501490591
42121,81.36779161302952
42123,47.06634167858981
42125,242.61221555935958
42127,72.07650453966627
42129,355.09277371310907
42131,71.02767514673164
42133,480.6327494163226
44001,2060.751531203443
44003,985.3911516187221
44005,805.8035278260699
44007,1532.13903717198
44009,384.80720458031493
45001,51.75907878748338
45003,149.5461395249824
45005,25.482124041265408
45007,261.7014198533461
45009,40.5241884231131
45011,41.07091082490112
45013,281.66169223294236
45015,163.5999952678101
45017,39.70604825908892
45019,384.8403375654549
45021,140.96455193946912
45023,56.88039582748508
45025,58.14472984388198
45027,57.248210684487326
45029,36.59756685101908
45031,122.07009496518775
45033,78.37785769329567
45035,238.7092159732604
45037,53.48257215141305
45039,34.68570271187873
45041,170.9001905085729
45043,74.10143482798166
45045,576.8939779906257
45047,152.9074651548405
45049,37.4837469815823
45051,238.9487219286425
45053,37.83201438080444
45055,84.7594561785505
45057,139.056012819579
45059,93.33514522193768
45061,46.710744446394784
45063,375.47448681023246
45065,28.234901010776042
45067,67.5310234308409
45069,59.9365402335753
45071,59.41238371714678
45073,118.20849578659309
45075,83.38207812848916
45077,240.0590644370446
45079,508.0072067502523
45081,43.637279196427386
45083,352.185719979305
45085,161.30579521430954
45087,56.020273410985844
45089,36.78281748610247
45091,332.9087048832272
46003,3.8479726153086076
46005,13.801431624440895
46007,2.8969139256982097
46009,12.490664377036762
46011,40.359451960727384
46013,21.3440779553305
46015,6.406930644608683
46017,4.136754747721603
46019,4.498868615880091
46021,1.934093613402083
46023,8.316271627818825
46025,3.8147292617825324
46027,33.882843868651214
46029,39.62846498522139
46031,1.6382609653349487
46033,5.278734388266681
46035,44.80031224529623
46037,5.519191180190453
46039,7.0276190567958805
46041,2.327041894571712
46043,6.929101764234534
46045,3.596943397432937
46047,4.0392777808111315
46049,2.418130888719124
46051,10.747544236035088
46053,4.188354777591563
46055,1.0229026353550943
46057,11.582493972174413
46059,2.362501244246015
46061,7.746603668935106
46063,0.5117214917411446
46065,23.0109498894223
46067,8.95923749913889
46069,1.6699127508355376
46071,1.645462183341077
46073,3.8899118831392174
46075,1.117896868857497
46077,6.198962794207412
46079,20.174798544943254
46081,30.07743411225759
46083,78.0471834243061
46085,2.2851073367049626
46087,9.738699138285346
46089,2.186260605783341
46091,5.525817775688311
46093,7.333943342867612
46095,1.5734648200191845
46097,4.146860221878939
46099,211.0421026157565
46101,12.464717955431992
46103,36.46247703537444
46105,1.0068009578892436
46107,2.702231925122512
46109,9.225814479206495
46111,4.140019426650343
46115,4.310720281928953
46117,2.0354021511569944
46119,1.37264269474989
46121,6.993596225143242
46123,3.477945928111701
46125,13.522251591019954
46127,31.217565390344422
46129,7.68101830292254
46135,43.04595098663761
46137,1.4256054234190871
47001,222.56066816545163
47003,95.13655029716976
47005,41.660112345296874
47007,31.735252506612536
47009,220.3054916181319
47011,301.82624512565326
47013,84.61008223810943
47015,51.939691682195495
47017,47.53592812372759
47019,168.61223377285663
47021,129.29304284859325
47023,59.645966906515106
47025,73.6918403976253
47027,33.15351574390368
47029,81.99233716475096
47031,123.21281620302268
47033,54.859058127930396
47035,82.44043904408795
47037,1248.158354710902
47039,35.142056942593115
47041,61.67302454106662
47043,101.45826869376359
47045,74.62811836971309
47047,54.44205758911215
47049,35.98990798456516
47051,73.88439468967185
47053,82.28064412302444
47055,48.1874266483557
47057,80.5880256593015
47059,110.50927004894201
47061,38.14064692927713
47063,387.94135712468744
47065,621.3195779739726
47067,30.39938832418818
47069,40.72222688119227
47071,45.01332021520202
47073,116.48441911802453
47075,35.02641096054863
47077,53.52133258215674
47079,57.41190116990692
47081,39.96904484742016
47083,41.81520425791119
47085,34.70563863045689
47087,37.38323819408407
47089,188.05230627777496
47091,60.973280844291814
47093,852.4089214210521
47095,46.92853351348742
47097,58.83998033864981
47099,67.69908349645453
47101,42.717014842833294
47103,58.37766377130753
47105,211.96600586346506
47107,121.65068294100553
47109,46.1944355612408
47111,72.4904279425937
47113,175.86252079904222
47115,56.57620041753653
47117,81.4600756405476
47119,132.05020729427957
47121,59.94198501450374
47123,70.29965463799925
47125,321.1153294743655
47127,49.132120442955205
47129,41.905090198782034
47131,58.23273266657854
47133,50.843977733844234
47135,18.94239880790199
47137,31.34146116984397
47139,38.5482520313981
47141,179.93383245699982
47143,100.88560675001665
47145,149.78043181742572
47147,138.87215061507032
47149,425.94500164685064
47151,41.698525447259705
47153,53.31041382993929
47155,152.26666666666668
47157,1217.857264529452
47159,60.953453668438925
47161,28.872488189319228
47163,379.02521512568853
47165,304.47880721278153
47167,133.1643271970434
47169,68.54185457952764
47171,98.23006472752667
47173,85.79327127385942
47175,20.306128047107876
47177,91.90856984376444
47179,376.2731073775137
47181,23.178041138809427
47183,59.9658145577603
47185,68.66167737002652
47187,316.21235189212473
47189,200.79323646785534
48001,54.83614749454641
48003,9.999247024580983
48005,108.48882771898948
48007,92.79417948697605
48009,9.903555491579098
48011,2.0019601609927964
48013,36.97365572705864
48015,43.88499446255885
48017,8.582517836905552
48019,25.888760634215846
48021,83.34515566064292
48023,4.272134753228309
48025,36.44805558490365
48027,295.10016974051774
48029,1387.2191124518076
48031,14.698604584272703
48033,0.7153657669623587
48035,18.42767589915542
48037,104.47386797377644
48039,231.1355740328688
48041,331.52046733681215
48043,1.4837315906103967
48045,1.8599979333356293
48047,7.670422021616259
48049,40.25484073512891
48051,26.038426405028023
48053,43.194020063202906
48055,69.97067437923769
48057,42.15531528687554
48059,15.033823601357392
48061,455.5045222814118
48063,63.265347808769015
48065,6.753819738758123
48067,32.364138178348554
48069,8.92631541287563
48071,57.879515086152765
48073,48.14262906811864
48075,10.11911172378142
48077,9.844579097858864
48079,3.982455008707992
48081,3.6183308282225415
48083,6.986828279498488
48085,937.4186454277988
48087,3.320844779359806
48089,21.643822492330315
48091,194.79834702471598
48093,14.7959912727645
48095,4.140073327986713
48097,43.92867063957045
48099,71.98027500175844
48101,1.7766663742569926
48103,5.5523781986042
48105,1.306937168345547
48107,6.776286994638958
48109,0.625787151587889
48111,4.479600654311732
48113,2730.7142717774673
48115,15.284803166923245
48117,12.876886939930575
48119,20.40299815049158
48121,760.3707515208918
48123,22.174427239473033
48125,2.6604592979670056
48127,7.565746897396612
48129,3.9400746154327497
48131,6.591092963906504
48133,19.988321527138417
48135,153.94341234751087
48137,0.9552104059856705
48139,160.0364302229748
48141,791.073898999993
48143,35.26269284285148
48145,23.195812317190583
48147,38.01705586992907
48149,25.84925600626521
48151,4.408520692681722
48153,6.489991866091883
48155,1.807219508317043
48157,682.1578189188153
48159,37.248014177663855
48161,22.365418421649263
48163,15.231583590648434
48165,11.696147766037107
48167,774.0658318312286
48169,7.046021320510582
48171,23.413978647041148
48173,1.3941067608068267
48175,8.47756022788358
48177,18.536816763664724
48179,24.548205457172667
48181,129.33156375830293
48183,444.38224241958557
48185,33.73381979252253
48187,185.49838324195136
48189,35.98448465834497
48191,3.7770574040285596
48193,10.106302801484363
48195,6.0403779041323755
48197,5.932839793185003
48199,61.193599134034834
48201,2407.8690772642794
48203,73.2906569357665
48205,4.114134222688544
48207,6.522863239109276
48209,233.7302980332695
48211,4.262451367449128
48213,89.90921867632315
48215,493.244168022077
48217,36.58391596722789
48219,25.30625544918934
48221,121.6262798918793
48223,45.73669076376415
48225,19.101330805120444
48227,38.77370000366344
48229,0.7453538987128151
48231,102.28865738922646
48233,24.781980101845914
48235,1.5177407345066343
48237,9.91256909808469
48239,16.96938277261027
48241,38.02864157555294
48243,1.0240422511266012
48245,287.1487341591587
48247,4.627078752757148
48249,47.4168926871114
48251,208.60448300795372
48253,21.68640703717824
48255,19.979774090502918
48257,132.4261975486071
48259,50.93946287510209
48261,0.3092580617953836
48263,0.9185524322803037
48265,44.83657476810856
48267,3.658711081729866
48269,0.24921174435046858
48271,2.6278349037355104
48273,36.22456621294712
48275,4.365046242686225
48277,54.82864670025022
48279,13.773136872269802
48281,27.828124123225408
48283,4.607547903363914
48285,19.870930218168766
48287,26.376117618629735
48289,15.679992843504781
48291,65.31499451406532
48293,25.79289684608655
48295,3.565838749853837
48297,11.085932811129405
48299,20.46499377966969
48301,0.1270695518929626
48303,310.78529565129037
48305,6.599638735371978
48307,7.771223294338015
48309,226.23254629973357
48311,0.6108338760042337
48313,29.15902288307425
48315,27.68325981936568
48317,5.250594571908226
48319,4.282931902674733
48321,33.31255066910484
48323,42.29561198757405
48325,34.71444653361059
48327,2.474418810904294
48329,153.80667978082838
48331,24.279940605548074
48333,6.521788520315772
48335,10.28109187895817
48337,21.201925865769475
48339,439.9765775365137
48341,24.19163912943444
48343,51.24908228664405
48345,1.1651619605441599
48347,68.29843946934986
48349,47.28379886829493
48351,15.392903541588794
48353,16.56145798725215
48355,406.1721062586913
48357,11.239861076450454
48359,1.3648483572170689
48361,246.66960370906494
48363,29.428729626567176
48365,29.702562772139412
48367,129.3003260732414
48369,11.548880648699217
48371,3.2557720682465243
48373,43.154197407418266
48375,133.31461849246452
48377,1.9915766527453436
48379,47.835712915991145
48381,132.84054307855683
48383,2.8792624187335836
48385,4.756899005284648
48387,12.343499476160984
48389,5.162832613954371
48391,9.542549490942886
48393,1.073525687781503
48395,19.39503297365964
48397,619.8951478321105
48399,9.965316929049571
48401,57.585979630465346
48403,21.65693237550622
48405,16.76789338499257
48407,46.52143285029416
48409,94.24169840406893
48411,5.317551266320619
48413,2.5384738637143966
48415,18.615176642619534
48417,3.6596863563480135
48419,32.18017479005961
48421,3.293482912348936
48423,227.56534780900623
48425,45.285123590202886
48427,49.77358178974623
48429,10.662202986665834
48431,1.324379961687193
48433,1.5791547211487778
48435,2.835770183626952
48437,8.780453829035038
48439,2101.2623783012664
48441,143.5472807661389
48443,0.4245076178125263
48445,14.131918153906389
48447,1.7818162691002815
48449,78.91807493584597
48451,72.55981056156091
48453,1045.0817106004633
48455,20.856160828594824
48457,23.405058512646278
48459,67.56360355229549
48461,2.6584517821294043
48463,17.032809131245543
48465,15.447332856347881
48467,62.31863244860585
48469,98.836583184359
48471,86.01079614215813
48473,83.54400794655552
48475,12.811122998748209
48477,55.67973719852836
48479,74.46715466570994
48481,37.88887354416977
48483,5.9200260682344785
48485,208.70342287694976
48487,13.85495507002155
48489,37.22436898234539
48491,381.1990131475995
48493,53.49910977899377
48495,8.485246229076681
48497,65.62312725696633
48499,64.97952680732881
48501,9.9011139065759
48503,20.08599535467616
48505,14.036289627929152
48507,9.058845110936746
49001,2.5201939858217366
49003,8.643209328400358
49005,96.23433117590548
49007,14.30713571183631
49009,1.2869828215771209
49011,1026.3941789556125
49013,5.719628071442125
49015,2.4431270412615516
49017,0.986836829515677
49019,2.5011282722277803
49021,13.94857433885778
49023,3.016557015669117
49025,1.777592213379232
49027,1.8921478754036751
49029,15.569701705198327
49031,2.2420429907454693
49033,2.2006755607397146
49035,1390.611654330834
49037,1.8806934230589611
49039,17.38513047809266
49041,10.865304041658618
49043,19.553221863192626
49045,8.37848303903908
49047,7.3239393860248905
49049,257.84020995740354
49051,20.128438852880603
49053,57.48698254750536
49055,1.120017426105672
49057,400.8790384735559
50001,48.03966985286921
50003,54.801623751814866
50005,48.037801449918625
50007,292.0283723894755
50009,9.51781048164702
50011,75.51293502034066
50013,85.95421153634597
50015,53.33731476012267
50017,42.18137993371497
50019,39.23158143748161
50021,66.24823487531471
50023,86.52378450976596
50025,56.42393719637593
50027,58.39764705154141
51001,74.42557887055725
51003,138.03840166061235
51005,36.58490045054854
51007,35.674376317663516
51009,68.15505956525591
51011,44.834389824104775
51013,8049.472549472549
51015,76.17588022324739
51017,8.906602564829408
51019,91.29891463850277
51021,19.084492277587533
51023,61.112117102301916
51025,30.68320107105072
51027,47.87742932554703
51029,29.4501748447789
51031,108.75290503247882
51033,54.046061424078644
51035,63.175967473509026
51036,39.525864662476685
51037,26.397571069979026
51041,748.6351190771492
51043,80.27722120367584
51045,15.737374595641118
51047,123.65452464705167
51049,33.453124947472105
51051,48.034683479965636
51053,55.439970141905356
51057,43.28667602664873
51059,2772.0100570633476
51061,101.15854685079441
51063,40.13458808685137
51065,90.02989458226254
51067,81.12672465984768
51069,189.59554626888774
51071,48.20100005340364
51073,169.05333621049826
51075,76.38540944867898
51077,35.133148640244244
51079,118.10222341691947
51081,41.07700541280239
51083,44.1896265646417
51085,213.35393651715128
51087,1316.131572078375
51089,141.16191602107057
51091,5.581034599042288
51093,111.65608405257088
51095,469.9551380610375
51097,22.110948219510185
51099,132.15057115500235
51101,57.899328687564115
51103,85.33583489681051
51105,58.61525815236109
51107,610.9461344050461
51109,66.65927866209954
51111,29.739415265368333
51113,41.38042864760527
51115,104.330319217028
51117,52.036419738283094
51119,83.30391539913741
51121,243.34778586821147
51125,31.856873439013203
51127,88.01834748651831
51131,58.63561612762982
51133,64.76384641522256
51135,50.494287386447496
51137,98.66982801372134
51139,77.32840929562241
51141,38.32157583585871
51143,65.3476321055668
51145,107.61237563455678
51147,65.7703737570008
51149,135.81867209745243
51153,1200.9768075100624
51155,109.01399996248335
51157,27.94607609295826
51159,48.22133561715371
51161,368.9635076122275
51163,37.413941408198035
51165,89.92375330649664
51167,60.725335674578226
51169,43.06201333258641
51171,82.7004418447411
51173,71.1931838342263
51175,31.004180957864957
51177,305.9905951740491
51179,481.2906200270677
51181,25.051174228980923
51183,24.672595977316305
51185,86.43412496193476
51187,175.9866957112407
51191,97.49275814430233
51193,76.15476839237057
51195,102.58464392629759
51197,63.23404587028825
51199,625.1479289940828
51510,9338.98981832701
51520,1363.7900560977484
51530,996.2708830548927
51540,4221.820668099238
51550,655.0264084507043
51570,2317.2872340425533
51580,1079.5537673738113
51590,1005.846182512694
51595,844.937626921961
51600,3640.3269754768394
51610,6153.076538269134
51620,1039.6051669510116
51630,2388.122605363985
51640,842.4757281553398
51650,2673.8568066442335
51660,2815.650476518544
51670,2189.2391515859117
51678,2799.359231077293
51680,1539.9975574010748
51683,3839.9959518267383
51685,5686.26677190213
51690,1264.5125958378972
51700,2631.6471170358295
51710,4491.056910569106
51720,530.8113888517578
51730,1405.2851909994768
51735,790.6247959783248
51740,2846.2841351439693
51750,1672.5081037277148
51760,3433.625951007441
51770,2272.9664959353413
51775,1717.2542772044053
51790,1196.7959949937422
51800,210.45161032366406
51810,1765.0592732997077
51820,1398.3642529423498
51830,1574.7062735535358
51840,2851.7274991876966
53001,9.649460928904123
53003,34.042058241500875
53005,103.16758793186696
53007,24.800677960298234
53009,41.08025580888313
53011,678.8255718564587
53013,4.606109167435119
53015,89.58491393487556
53017,21.090396995708154
53019,3.4423298545406844
53021,63.3407155697565
53023,3.160326782854875
53025,33.17207268634263
53027,37.997357555912714
53029,377.58396538241965
53031,16.522703332039697
53033,917.3795570547077
53035,636.5507759386845
53037,17.827239363575302
53039,10.91265865197324
53041,31.379614300304393
53043,4.560063778568566
53045,63.10603210074452
53047,7.775089417609565
53049,22.45732090434007
53051,9.268644253633422
53053,478.3013917872811
53055,90.50398183020441
53057,67.63331625465067
53059,6.675819015423902
53061,342.28536468396806
53063,266.68409125571
53065,17.555337168779122
53067,349.617223090998
53069,15.198860939724726
53071,46.17090075102608
53073,95.59452777288634
53075,20.840724564515604
53077,56.44508678594477
54001,48.29662902899498
54003,325.120974522174
54005,49.08253130838233
54007,28.446864991425418
54009,269.27862787960316
54011,342.4691656762201
54013,27.26240738552331
54015,27.58685237290218
54017,25.48167146252971
54019,69.53367092434435
54021,25.473924898745356
54023,24.988845200713065
54025,34.88925222324335
54027,37.158980334213716
54029,370.34705661610724
54031,23.89097253705917
54033,165.76363916078535
54035,62.896792922549466
54037,255.4201349965416
54039,213.59225454670488
54041,42.5804440171995
54043,49.68435311265127
54045,80.46070741420691
54047,41.17677934075162
54049,182.875281390189
54051,108.02112424737503
54053,63.243474142654165
54055,148.57288785254167
54057,85.55958881127414
54059,63.009768168486126
54061,267.77888252578725
54063,28.615426270010495
54065,76.42541897124498
54067,40.50715496023648
54069,418.7015687015687
54071,11.013592433866007
54073,58.64584214045795
54075,9.305699129199263
54077,51.58868997618699
54079,161.0210924323558
54081,130.25831294571248
54083,28.24039296668882
54085,22.98939580655367
54087,30.779857019664448
54089,38.320479387449375
54091,97.75367393833457
54093,16.969746157996
54095,35.84945414250821
54097,68.2667960004286
54099,83.54661538674377
54101,16.546575411767254
54103,46.15388912007104
54105,24.81194276350593
54107,237.08567684158794
54109,47.38784229947562
55001,32.36758223546649
55003,15.418622342792345
55005,53.18351104831166
55007,10.202569520990783
55009,469.17547025908607
55011,20.1657150088962
55013,18.8940047308018
55015,153.8480875828002
55017,61.84417869181344
55019,28.607679686563646
55021,73.93057611142099
55023,29.224056355798552
55025,409.5915686007556
55027,101.34589578872234
55029,57.82836561004859
55031,33.71044124232442
55033,51.50893124966916
55035,155.10131147695157
55037,9.188951136328722
55039,141.1668077264635
55041,9.231145476580936
55043,44.51763048143217
55045,63.01833867904657
55047,54.556329180939635
55049,31.094442550289806
55051,7.884733583583716
55053,20.69007411007168
55055,150.5029884594788
55057,34.81565994067217
55059,611.6879297032979
55061,60.14282461067739
55063,253.9773205279774
55065,26.572472963503092
55067,22.915326656252873
55069,32.66311934496281
55071,137.95362954563203
55073,86.75888343107982
55075,29.802472153082828
55077,33.72680541349687
55078,11.951634191628823
55079,3921.1936935070958
55081,49.63942200946739
55083,37.70786823088053
55085,32.37194174146653
55087,277.28725081291185
55089,370.81736936720483
55091,32.14890746304686
55093,71.18456186339647
55095,48.24489420785547
55097,87.45951873347497
55099,11.2733343112432
55101,586.5365818448666
55103,30.74293142893214
55105,223.29288636509216
55107,16.0576191596841
55109,116.79304029050475
55111,74.56113958084107
55113,13.186935548653667
55115,46.82791803882619
55117,225.66966250378962
55119,21.16269146024725
55121,39.36477185131623
55123,37.68038313295325
55125,25.086270902307252
55127,184.3001691504827
55129,19.938201986418488
55131,306.1042063788736
55133,709.1674642541313
55135,70.04960459427613
55137,39.231625497282614
55139,384.32450222906556
55141,94.0480333267769
56001,8.466858843569248
56003,3.7091616867441455
56005,9.544613258892014
56007,1.998207551732949
56009,3.2383969194922635
56011,2.464959459194341
56013,4.366704290831674
56015,5.96614257898949
56017,2.3906088143658075
56019,2.061551416137056
56021,34.148177602244594
56023,4.406141218788708
56025,14.208052203300458
56027,0.9436272223125568
56029,4.062616409668689
56031,4.163212117024788
56033,11.528161924379347
56035,2.059740875798137
56037,4.209406109287845
56039,5.337666339038173
56041,10.06215453685837
56043,3.763598652520003
56045,2.98237471586751
