fips_code,starbucks_store_count
1001,1.0
1003,4.0
1005,0.0
1007,0.0
1009,0.0
1011,0.0
1013,0.0
1015,2.0
1017,2.0
1019,0.0
1021,0.0
1023,0.0
1025,0.0
1027,0.0
1029,0.0
1031,0.0
1033,0.0
1035,0.0
1037,0.0
1039,0.0
1041,0.0
1043,0.0
1045,1.0
1047,0.0
1049,0.0
1051,1.0
1053,0.0
1055,0.0
1057,0.0
1059,0.0
1061,0.0
1063,0.0
1065,0.0
1067,1.0
1069,1.0
1071,0.0
1073,22.0
1075,0.0
1077,0.0
1079,1.0
1081,3.0
1083,1.0
1085,0.0
1087,0.0
1089,9.0
1091,0.0
1093,0.0
1095,0.0
1097,8.0
1099,0.0
1101,5.0
1103,2.0
1105,0.0
1107,0.0
1109,0.0
1111,0.0
1113,0.0
1115,0.0
1117,12.0
1119,0.0
1121,2.0
1123,0.0
1125,2.0
1127,0.0
1129,0.0
1131,0.0
1133,0.0
2013,0.0
2016,0.0
2020,24.0
2050,0.0
2060,0.0
2068,0.0
2070,0.0
2090,5.0
2100,0.0
2105,0.0
2110,2.0
2122,4.0
2130,1.0
2150,1.0
2164,0.0
2170,5.0
2180,0.0
2185,0.0
2188,0.0
2195,0.0
2198,0.0
2220,0.0
2230,0.0
2240,0.0
2261,0.0
2270,0.0
2275,0.0
2282,0.0
2290,0.0
4001,1.0
4003,7.0
4005,11.0
4007,2.0
4009,2.0
4011,0.0
4012,1.0
4013,264.0
4015,8.0
4017,2.0
4019,63.0
4021,21.0
4023,1.0
4025,15.0
4027,8.0
5001,0.0
5003,0.0
5005,0.0
5007,5.0
5009,0.0
5011,0.0
5013,0.0
5015,0.0
5017,0.0
5019,0.0
5021,0.0
5023,0.0
5025,0.0
5027,0.0
5029,0.0
5031,1.0
5033,0.0
5035,0.0
5037,0.0
5039,0.0
5041,0.0
5043,0.0
5045,5.0
5047,0.0
5049,0.0
5051,1.0
5053,1.0
5055,1.0
5057,0.0
5059,1.0
5061,0.0
5063,0.0
5065,0.0
5067,0.0
5069,0.0
5071,0.0
5073,0.0
5075,0.0
5077,0.0
5079,0.0
5081,0.0
5083,0.0
5085,1.0
5087,1.0
5089,0.0
5091,0.0
5093,0.0
5095,0.0
5097,0.0
5099,0.0
5101,0.0
5103,0.0
5105,0.0
5107,0.0
5109,0.0
5111,0.0
5113,0.0
5115,1.0
5117,0.0
5119,16.0
5121,0.0
5123,0.0
5125,2.0
5127,0.0
5129,0.0
5131,2.0
5133,0.0
5135,0.0
5137,0.0
5139,0.0
5141,0.0
5143,2.0
5145,0.0
5147,0.0
5149,0.0
6001,116.0
6003,0.0
6005,2.0
6007,9.0
6009,2.0
6011,1.0
6013,103.0
6015,1.0
6017,14.0
6019,46.0
6021,1.0
6023,6.0
6025,5.0
6027,2.0
6029,37.0
6031,7.0
6033,1.0
6035,2.0
6037,567.0
6039,5.0
6041,25.0
6043,0.0
6045,5.0
6047,18.0
6049,0.0
6051,4.0
6053,29.0
6055,15.0
6057,7.0
6059,233.0
6061,46.0
6063,0.0
6065,126.0
6067,116.0
6069,7.0
6071,102.0
6073,250.0
6075,83.0
6077,37.0
6079,32.0
6081,65.0
6083,22.0
6085,157.0
6087,16.0
6089,11.0
6091,0.0
6093,0.0
6095,44.0
6097,43.0
6099,33.0
6101,13.0
6103,5.0
6105,1.0
6107,22.0
6109,3.0
6111,74.0
6113,19.0
6115,2.0
8001,50.0
8003,1.0
8005,80.0
8007,0.0
8009,0.0
8011,0.0
8013,38.0
8014,20.0
8015,1.0
8017,0.0
8019,4.0
8021,1.0
8023,0.0
8025,0.0
8027,0.0
8029,0.0
8031,110.0
8033,0.0
8035,47.0
8037,9.0
8039,4.0
8041,43.0
8043,1.0
8045,5.0
8047,3.0
8049,3.0
8051,2.0
8053,0.0
8055,0.0
8057,0.0
8059,70.0
8061,0.0
8063,0.0
8065,0.0
8067,2.0
8069,29.0
8071,1.0
8073,0.0
8075,0.0
8077,11.0
8079,0.0
8081,1.0
8083,0.0
8085,3.0
8087,0.0
8089,0.0
8091,0.0
8093,2.0
8095,0.0
8097,2.0
8099,0.0
8101,5.0
8103,1.0
8105,0.0
8107,3.0
8109,1.0
8111,0.0
8113,0.0
8115,0.0
8117,6.0
8119,2.0
8121,0.0
8123,26.0
8125,0.0
9001,36.0
9003,26.0
9005,3.0
9007,2.0
9009,23.0
9011,9.0
9013,2.0
9015,1.0
10001,1.0
10003,10.0
10005,5.0
11001,79.0
12001,12.0
12003,1.0
12005,6.0
12007,0.0
12009,15.0
12011,62.0
12013,0.0
12015,3.0
12017,0.0
12019,3.0
12021,18.0
12023,1.0
12027,0.0
12029,0.0
12031,35.0
12033,9.0
12035,4.0
12037,0.0
12039,0.0
12041,1.0
12043,0.0
12045,0.0
12047,0.0
12049,0.0
12051,0.0
12053,3.0
12055,1.0
12057,47.0
12059,0.0
12061,3.0
12063,0.0
12065,2.0
12067,0.0
12069,8.0
12071,26.0
12073,10.0
12075,0.0
12077,0.0
12079,0.0
12081,11.0
12083,5.0
12085,7.0
12086,86.0
12087,3.0
12089,3.0
12091,8.0
12093,0.0
12095,54.0
12097,14.0
12099,47.0
12101,11.0
12103,33.0
12105,10.0
12107,0.0
12109,10.0
12111,5.0
12113,2.0
12115,16.0
12117,17.0
12119,3.0
12121,0.0
12123,0.0
12125,0.0
12127,6.0
12129,0.0
12131,7.0
12133,0.0
13001,0.0
13003,0.0
13005,0.0
13007,0.0
13009,2.0
13011,1.0
13013,1.0
13015,5.0
13017,0.0
13019,1.0
13021,2.0
13023,0.0
13025,0.0
13027,0.0
13029,1.0
13031,2.0
13033,0.0
13035,0.0
13037,0.0
13039,0.0
13043,0.0
13045,1.0
13047,0.0
13049,0.0
13051,12.0
13053,2.0
13055,0.0
13057,25.0
13059,4.0
13061,0.0
13063,8.0
13065,0.0
13067,35.0
13069,0.0
13071,0.0
13073,10.0
13075,0.0
13077,3.0
13079,0.0
13081,0.0
13083,1.0
13085,3.0
13087,0.0
13089,28.0
13091,0.0
13093,0.0
13095,2.0
13097,3.0
13099,0.0
13101,0.0
13103,0.0
13105,0.0
13107,0.0
13109,0.0
13111,1.0
13113,7.0
13115,3.0
13117,23.0
13119,0.0
13121,82.0
13123,3.0
13125,0.0
13127,5.0
13129,1.0
13131,0.0
13133,0.0
13135,39.0
13137,1.0
13139,10.0
13141,2.0
13143,0.0
13145,0.0
13147,0.0
13149,0.0
13151,4.0
13153,3.0
13155,0.0
13157,3.0
13159,0.0
13161,0.0
13163,0.0
13165,0.0
13167,0.0
13169,2.0
13171,0.0
13173,0.0
13175,1.0
13177,1.0
13179,1.0
13181,0.0
13183,0.0
13185,2.0
13187,3.0
13189,0.0
13191,0.0
13193,0.0
13195,1.0
13197,0.0
13199,1.0
13201,0.0
13205,0.0
13207,2.0
13209,0.0
13211,0.0
13213,2.0
13215,5.0
13217,4.0
13219,3.0
13221,0.0
13223,5.0
13225,0.0
13227,2.0
13229,0.0
13231,0.0
13233,0.0
13235,0.0
13237,2.0
13239,0.0
13241,2.0
13243,0.0
13245,8.0
13247,5.0
13249,0.0
13251,0.0
13253,0.0
13255,0.0
13257,0.0
13259,0.0
13261,0.0
13263,0.0
13265,0.0
13267,0.0
13269,0.0
13271,0.0
13273,0.0
13275,0.0
13277,1.0
13279,0.0
13281,2.0
13283,0.0
13285,1.0
13287,0.0
13289,0.0
13291,0.0
13293,0.0
13295,1.0
13297,6.0
13299,1.0
13301,0.0
13303,2.0
13305,0.0
13307,0.0
13309,0.0
13311,3.0
13313,2.0
13315,0.0
13317,0.0
13319,3.0
13321,0.0
15001,9.0
15003,55.0
15005,0.0
15007,4.0
15009,12.0
16001,24.0
16003,0.0
16005,3.0
16007,0.0
16009,0.0
16011,2.0
16013,2.0
16015,1.0
16017,3.0
16019,2.0
16021,1.0
16023,0.0
16025,0.0
16027,2.0
16029,0.0
16031,0.0
16033,0.0
16035,0.0
16037,0.0
16039,0.0
16041,0.0
16043,0.0
16045,3.0
16047,0.0
16049,0.0
16051,2.0
16053,2.0
16055,8.0
16057,3.0
16059,0.0
16061,0.0
16063,0.0
16065,0.0
16067,0.0
16069,1.0
16071,0.0
16073,0.0
16075,1.0
16077,0.0
16079,0.0
16081,0.0
16083,2.0
16085,0.0
16087,0.0
17001,1.0
17003,0.0
17005,0.0
17007,5.0
17009,0.0
17011,2.0
17013,0.0
17015,0.0
17017,0.0
17019,3.0
17021,0.0
17023,0.0
17025,0.0
17027,0.0
17029,1.0
17031,327.0
17033,0.0
17035,0.0
17037,4.0
17039,0.0
17041,0.0
17043,84.0
17045,0.0
17047,0.0
17049,1.0
17051,0.0
17053,0.0
17055,0.0
17057,0.0
17059,0.0
17061,0.0
17063,0.0
17065,0.0
17067,0.0
17069,0.0
17071,0.0
17073,0.0
17075,0.0
17077,2.0
17079,0.0
17081,0.0
17083,0.0
17085,0.0
17087,1.0
17089,31.0
17091,3.0
17093,8.0
17095,0.0
17097,54.0
17099,2.0
17101,0.0
17103,0.0
17105,0.0
17107,0.0
17109,0.0
17111,12.0
17113,3.0
17115,2.0
17117,0.0
17119,4.0
17121,0.0
17123,0.0
17125,0.0
17127,0.0
17129,0.0
17131,0.0
17133,0.0
17135,0.0
17137,0.0
17139,0.0
17141,0.0
17143,6.0
17145,0.0
17147,0.0
17149,0.0
17151,0.0
17153,0.0
17155,0.0
17157,0.0
17159,0.0
17161,2.0
17163,5.0
17165,0.0
17167,6.0
17169,0.0
17171,0.0
17173,0.0
17175,0.0
17177,0.0
17179,1.0
17181,0.0
17183,0.0
17185,0.0
17187,0.0
17189,0.0
17191,0.0
17193,0.0
17195,0.0
17197,33.0
17199,3.0
17201,6.0
17203,0.0
18001,0.0
18003,17.0
18005,3.0
18007,0.0
18009,1.0
18011,7.0
18013,6.0
18015,4.0
18017,1.0
18019,2.0
18021,3.0
18023,0.0
18025,0.0
18027,0.0
18029,0.0
18031,0.0
18033,1.0
18035,3.0
18037,0.0
18039,12.0
18041,0.0
18043,1.0
18045,0.0
18047,0.0
18049,0.0
18051,0.0
18053,2.0
18055,0.0
18057,28.0
18059,3.0
18061,0.0
18063,8.0
18065,0.0
18067,2.0
18069,0.0
18071,3.0
18073,0.0
18075,0.0
18077,0.0
18079,0.0
18081,7.0
18083,0.0
18085,2.0
18087,0.0
18089,10.0
18091,2.0
18093,4.0
18095,3.0
18097,48.0
18099,2.0
18101,0.0
18103,0.0
18105,8.0
18107,0.0
18109,2.0
18111,0.0
18113,0.0
18115,0.0
18117,0.0
18119,1.0
18121,0.0
18123,0.0
18125,0.0
18127,6.0
18129,1.0
18131,0.0
18133,0.0
18135,0.0
18137,0.0
18139,1.0
18141,15.0
18143,0.0
18145,2.0
18147,0.0
18149,1.0
18151,0.0
18153,0.0
18155,1.0
18157,7.0
18159,2.0
18161,0.0
18163,5.0
18165,0.0
18167,3.0
18169,0.0
18171,3.0
18173,1.0
18175,0.0
18177,1.0
18179,0.0
18181,3.0
18183,3.0
19001,0.0
19003,0.0
19005,0.0
19007,0.0
19009,0.0
19011,2.0
19013,4.0
19015,1.0
19017,2.0
19019,0.0
19021,0.0
19023,0.0
19025,0.0
19027,0.0
19029,0.0
19031,0.0
19033,0.0
19035,0.0
19037,0.0
19039,0.0
19041,0.0
19043,0.0
19045,0.0
19047,0.0
19049,7.0
19051,0.0
19053,0.0
19055,0.0
19057,1.0
19059,0.0
19061,2.0
19063,0.0
19065,0.0
19067,0.0
19069,0.0
19071,0.0
19073,0.0
19075,2.0
19077,0.0
19079,0.0
19081,0.0
19083,0.0
19085,0.0
19087,0.0
19089,0.0
19091,0.0
19093,0.0
19095,0.0
19097,0.0
19099,1.0
19101,0.0
19103,4.0
19105,0.0
19107,0.0
19109,0.0
19111,0.0
19113,7.0
19115,0.0
19117,0.0
19119,0.0
19121,0.0
19123,0.0
19125,0.0
19127,0.0
19129,1.0
19131,0.0
19133,0.0
19135,0.0
19137,0.0
19139,0.0
19141,0.0
19143,0.0
19145,0.0
19147,0.0
19149,0.0
19151,0.0
19153,22.0
19155,2.0
19157,0.0
19159,0.0
19161,0.0
19163,5.0
19165,0.0
19167,0.0
19169,4.0
19171,0.0
19173,0.0
19175,0.0
19177,0.0
19179,0.0
19181,0.0
19183,0.0
19185,0.0
19187,1.0
19189,0.0
19191,0.0
19193,2.0
19195,0.0
19197,0.0
20001,0.0
20003,0.0
20005,0.0
20007,0.0
20009,0.0
20011,0.0
20013,0.0
20015,0.0
20017,0.0
20019,0.0
20021,1.0
20023,0.0
20025,0.0
20027,0.0
20029,0.0
20031,0.0
20033,0.0
20035,0.0
20037,1.0
20039,0.0
20041,0.0
20043,0.0
20045,5.0
20047,0.0
20049,0.0
20051,1.0
20053,0.0
20055,1.0
20057,0.0
20059,0.0
20061,4.0
20063,0.0
20065,0.0
20067,0.0
20069,1.0
20071,0.0
20073,0.0
20075,0.0
20077,0.0
20079,0.0
20081,0.0
20083,0.0
20085,0.0
20087,1.0
20089,0.0
20091,26.0
20093,0.0
20095,0.0
20097,0.0
20099,0.0
20101,0.0
20103,3.0
20105,0.0
20107,0.0
20109,0.0
20111,1.0
20113,0.0
20115,0.0
20117,0.0
20119,0.0
20121,0.0
20123,0.0
20125,0.0
20127,0.0
20129,0.0
20131,0.0
20133,0.0
20135,0.0
20137,0.0
20139,0.0
20141,0.0
20143,1.0
20145,0.0
20147,0.0
20149,3.0
20151,0.0
20153,0.0
20155,1.0
20157,0.0
20159,0.0
20161,4.0
20163,0.0
20165,0.0
20167,0.0
20169,1.0
20171,0.0
20173,17.0
20175,0.0
20177,2.0
20179,0.0
20181,0.0
20183,0.0
20185,0.0
20187,0.0
20189,0.0
20191,0.0
20193,1.0
20195,0.0
20197,1.0
20199,0.0
20201,0.0
20203,0.0
20205,0.0
20207,0.0
20209,3.0
21001,0.0
21003,0.0
21005,3.0
21007,0.0
21009,0.0
21011,1.0
21013,0.0
21015,7.0
21017,1.0
21019,1.0
21021,0.0
21023,0.0
21025,0.0
21027,0.0
21029,3.0
21031,0.0
21033,0.0
21035,0.0
21037,5.0
21039,0.0
21041,0.0
21043,1.0
21045,0.0
21047,1.0
21049,5.0
21051,1.0
21053,0.0
21055,0.0
21057,0.0
21059,3.0
21061,0.0
21063,1.0
21065,0.0
21067,15.0
21069,1.0
21071,0.0
21073,3.0
21075,0.0
21077,0.0
21079,0.0
21081,0.0
21083,0.0
21085,0.0
21087,0.0
21089,1.0
21091,0.0
21093,1.0
21095,0.0
21097,0.0
21099,0.0
21101,3.0
21103,0.0
21105,0.0
21107,0.0
21109,0.0
21111,30.0
21113,2.0
21115,0.0
21117,5.0
21119,0.0
21121,0.0
21123,0.0
21125,1.0
21127,0.0
21129,0.0
21131,0.0
21133,0.0
21135,0.0
21137,0.0
21139,0.0
21141,0.0
21143,0.0
21145,2.0
21147,0.0
21149,3.0
21151,3.0
21153,0.0
21155,0.0
21157,1.0
21159,0.0
21161,0.0
21163,1.0
21165,0.0
21167,0.0
21169,0.0
21171,0.0
21173,0.0
21175,0.0
21177,0.0
21179,0.0
21181,0.0
21183,0.0
21185,5.0
21187,0.0
21189,0.0
21191,0.0
21193,0.0
21195,0.0
21197,0.0
21199,0.0
21201,0.0
21203,0.0
21205,1.0
21207,0.0
21209,1.0
21211,3.0
21213,2.0
21215,0.0
21217,0.0
21219,0.0
21221,0.0
21223,0.0
21225,0.0
21227,2.0
21229,0.0
21231,0.0
21233,0.0
21235,0.0
21237,0.0
21239,5.0
22001,0.0
22003,0.0
22005,1.0
22007,1.0
22009,0.0
22011,0.0
22013,0.0
22015,6.0
22017,4.0
22019,2.0
22021,0.0
22023,0.0
22025,0.0
22027,0.0
22029,0.0
22031,0.0
22033,7.0
22035,0.0
22037,0.0
22039,0.0
22041,0.0
22043,0.0
22045,2.0
22047,0.0
22049,1.0
22051,11.0
22053,0.0
22055,8.0
22057,1.0
22059,0.0
22061,2.0
22063,3.0
22065,0.0
22067,0.0
22069,0.0
22071,10.0
22073,2.0
22075,0.0
22077,0.0
22079,2.0
22081,0.0
22083,0.0
22085,0.0
22087,0.0
22089,0.0
22091,0.0
22093,0.0
22095,0.0
22097,0.0
22099,2.0
22101,0.0
22103,7.0
22105,2.0
22107,0.0
22109,2.0
22111,0.0
22113,1.0
22115,1.0
22117,0.0
22119,0.0
22121,0.0
22123,0.0
22125,0.0
22127,0.0
23001,1.0
23003,0.0
23005,12.0
23007,0.0
23009,0.0
23011,3.0
23013,0.0
23015,0.0
23017,0.0
23019,2.0
23021,0.0
23023,2.0
23025,0.0
23027,0.0
23029,0.0
23031,5.0
24001,0.0
24003,32.0
24005,36.0
24009,5.0
24011,0.0
24013,7.0
24015,2.0
24017,10.0
24019,0.0
24021,9.0
24023,0.0
24025,7.0
24027,25.0
24029,0.0
24031,63.0
24033,34.0
24035,1.0
24037,1.0
24039,0.0
24041,2.0
24043,2.0
24045,1.0
24047,1.0
24510,25.0
25001,10.0
25003,2.0
25005,6.0
25007,0.0
25009,18.0
25011,1.0
25013,6.0
25015,3.0
25017,66.0
25019,0.0
25021,34.0
25023,15.0
25025,68.0
25027,10.0
26001,0.0
26003,0.0
26005,4.0
26007,0.0
26009,0.0
26011,0.0
26013,0.0
26015,4.0
26017,3.0
26019,1.0
26021,2.0
26023,0.0
26025,2.0
26027,1.0
26029,1.0
26031,0.0
26033,0.0
26035,0.0
26037,3.0
26039,0.0
26041,0.0
26043,0.0
26045,1.0
26047,1.0
26049,7.0
26051,0.0
26053,0.0
26055,1.0
26057,0.0
26059,0.0
26061,0.0
26063,0.0
26065,8.0
26067,0.0
26069,0.0
26071,0.0
26073,3.0
26075,3.0
26077,7.0
26079,0.0
26081,31.0
26083,0.0
26085,0.0
26087,2.0
26089,1.0
26091,1.0
26093,7.0
26095,0.0
26097,1.0
26099,17.0
26101,0.0
26103,2.0
26105,0.0
26107,1.0
26109,0.0
26111,4.0
26113,0.0
26115,0.0
26117,0.0
26119,0.0
26121,2.0
26123,1.0
26125,59.0
26127,0.0
26129,0.0
26131,0.0
26133,0.0
26135,0.0
26137,1.0
26139,13.0
26141,0.0
26143,0.0
26145,3.0
26147,1.0
26149,0.0
26151,0.0
26153,0.0
26155,0.0
26157,1.0
26159,2.0
26161,17.0
26163,31.0
26165,0.0
27001,0.0
27003,10.0
27005,0.0
27007,1.0
27009,2.0
27011,0.0
27013,1.0
27015,0.0
27017,0.0
27019,3.0
27021,3.0
27023,0.0
27025,1.0
27027,2.0
27029,0.0
27031,0.0
27033,0.0
27035,2.0
27037,12.0
27039,0.0
27041,1.0
27043,0.0
27045,0.0
27047,0.0
27049,0.0
27051,0.0
27053,59.0
27055,0.0
27057,1.0
27059,0.0
27061,1.0
27063,0.0
27065,0.0
27067,0.0
27069,0.0
27071,0.0
27073,0.0
27075,0.0
27077,0.0
27079,0.0
27081,0.0
27083,0.0
27085,0.0
27087,0.0
27089,0.0
27091,0.0
27093,0.0
27095,0.0
27097,0.0
27099,0.0
27101,0.0
27103,1.0
27105,0.0
27107,0.0
27109,4.0
27111,0.0
27113,0.0
27115,0.0
27117,0.0
27119,0.0
27121,1.0
27123,21.0
27125,0.0
27127,0.0
27129,0.0
27131,0.0
27133,0.0
27135,0.0
27137,4.0
27139,6.0
27141,2.0
27143,0.0
27145,1.0
27147,1.0
27149,0.0
27151,0.0
27153,0.0
27155,0.0
27157,0.0
27159,0.0
27161,0.0
27163,11.0
27165,0.0
27167,0.0
27169,1.0
27171,4.0
27173,0.0
28001,0.0
28003,0.0
28005,0.0
28007,0.0
28009,0.0
28011,0.0
28013,0.0
28015,0.0
28017,0.0
28019,0.0
28021,0.0
28023,0.0
28025,0.0
28027,0.0
28029,0.0
28031,2.0
28033,3.0
28035,3.0
28037,0.0
28039,0.0
28041,0.0
28043,0.0
28045,0.0
28047,6.0
28049,3.0
28051,0.0
28053,0.0
28055,0.0
28057,0.0
28059,1.0
28061,0.0
28063,0.0
28065,0.0
28067,0.0
28069,0.0
28071,1.0
28073,2.0
28075,0.0
28077,0.0
28079,0.0
28081,1.0
28083,0.0
28085,0.0
28087,0.0
28089,0.0
28091,0.0
28093,2.0
28095,0.0
28097,0.0
28099,0.0
28101,0.0
28103,0.0
28105,1.0
28107,0.0
28109,0.0
28111,0.0
28113,0.0
28115,1.0
28117,0.0
28119,0.0
28121,2.0
28123,0.0
28125,0.0
28127,0.0
28129,0.0
28131,0.0
28133,0.0
28135,0.0
28137,0.0
28139,0.0
28141,0.0
28143,1.0
28145,0.0
28147,0.0
28149,0.0
28151,0.0
28153,0.0
28155,0.0
28157,0.0
28159,0.0
28161,0.0
28163,0.0
29001,0.0
29003,2.0
29005,0.0
29007,0.0
29009,1.0
29011,0.0
29013,0.0
29015,0.0
29017,0.0
29019,5.0
29021,2.0
29023,0.0
29025,0.0
29027,2.0
29029,4.0
29031,2.0
29033,0.0
29035,0.0
29037,1.0
29039,0.0
29041,0.0
29043,3.0
29045,0.0
29047,7.0
29049,0.0
29051,2.0
29053,1.0
29055,0.0
29057,0.0
29059,1.0
29061,0.0
29063,0.0
29065,0.0
29067,0.0
29069,0.0
29071,2.0
29073,0.0
29075,0.0
29077,16.0
29079,0.0
29081,0.0
29083,0.0
29085,0.0
29087,0.0
29089,0.0
29091,0.0
29093,0.0
29095,20.0
29097,5.0
29099,2.0
29101,0.0
29103,0.0
29105,1.0
29107,0.0
29109,2.0
29111,0.0
29113,0.0
29115,0.0
29117,0.0
29119,0.0
29121,0.0
29123,0.0
29125,0.0
29127,0.0
29129,0.0
29131,3.0
29133,0.0
29135,0.0
29137,0.0
29139,0.0
29141,0.0
29143,0.0
29145,1.0
29147,0.0
29149,0.0
29151,0.0
29153,0.0
29155,0.0
29157,0.0
29159,1.0
29161,0.0
29163,0.0
29165,11.0
29167,0.0
29169,2.0
29171,0.0
29173,0.0
29175,0.0
29177,0.0
29179,0.0
29181,0.0
29183,9.0
29185,0.0
29186,0.0
29187,0.0
29189,41.0
29195,0.0
29197,0.0
29199,0.0
29201,0.0
29203,0.0
29205,0.0
29207,0.0
29209,4.0
29211,0.0
29213,3.0
29215,0.0
29217,0.0
29219,0.0
29221,0.0
29223,0.0
29225,0.0
29227,0.0
29229,0.0
29510,19.0
30001,1.0
30003,0.0
30005,0.0
30007,0.0
30009,0.0
30011,0.0
30013,1.0
30015,0.0
30017,0.0
30019,0.0
30021,0.0
30023,0.0
30025,0.0
30027,0.0
30029,2.0
30031,1.0
30033,0.0
30035,0.0
30037,0.0
30039,0.0
30041,0.0
30043,4.0
30045,0.0
30047,1.0
30049,3.0
30051,0.0
30053,0.0
30055,0.0
30057,0.0
30059,0.0
30061,0.0
30063,4.0
30065,0.0
30067,1.0
30069,0.0
30071,0.0
30073,0.0
30075,0.0
30077,0.0
30079,0.0
30081,0.0
30083,0.0
30085,0.0
30087,0.0
30089,0.0
30091,0.0
30093,1.0
30095,0.0
30097,0.0
30099,0.0
30101,0.0
30103,0.0
30105,0.0
30107,0.0
30109,0.0
30111,4.0
31001,0.0
31003,0.0
31005,0.0
31007,0.0
31009,0.0
31011,0.0
31013,0.0
31015,0.0
31017,0.0
31019,1.0
31021,0.0
31023,1.0
31025,0.0
31027,0.0
31029,0.0
31031,0.0
31033,0.0
31035,0.0
31037,1.0
31039,0.0
31041,0.0
31043,0.0
31045,0.0
31047,0.0
31049,0.0
31051,0.0
31053,1.0
31055,21.0
31057,0.0
31059,0.0
31061,0.0
31063,0.0
31065,0.0
31067,0.0
31069,0.0
31071,0.0
31073,0.0
31075,0.0
31077,0.0
31079,1.0
31081,0.0
31083,0.0
31085,0.0
31087,0.0
31089,0.0
31091,0.0
31093,0.0
31095,0.0
31097,0.0
31099,1.0
31101,0.0
31103,0.0
31105,0.0
31107,0.0
31109,5.0
31111,1.0
31113,0.0
31115,0.0
31117,0.0
31119,1.0
31121,0.0
31123,0.0
31125,0.0
31127,0.0
31129,0.0
31131,0.0
31133,0.0
31135,0.0
31137,1.0
31139,1.0
31141,1.0
31143,1.0
31145,0.0
31147,0.0
31149,0.0
31151,0.0
31153,6.0
31155,1.0
31157,0.0
31159,0.0
31161,0.0
31163,0.0
31165,0.0
31167,1.0
31169,0.0
31171,0.0
31173,0.0
31175,0.0
31177,2.0
31179,0.0
31181,0.0
31183,0.0
31185,1.0
32001,2.0
32003,165.0
32005,8.0
32007,3.0
32009,0.0
32011,0.0
32013,0.0
32015,0.0
32017,0.0
32019,5.0
32021,0.0
32023,1.0
32027,0.0
32029,7.0
32031,33.0
32033,0.0
32510,5.0
33001,1.0
33003,1.0
33005,2.0
33007,0.0
33009,0.0
33011,7.0
33013,2.0
33015,9.0
33017,3.0
33019,0.0
34001,16.0
34003,32.0
34005,10.0
34007,15.0
34009,1.0
34011,2.0
34013,18.0
34015,6.0
34017,10.0
34019,4.0
34021,10.0
34023,23.0
34025,16.0
34027,17.0
34029,10.0
34031,11.0
34033,1.0
34035,13.0
34037,2.0
34039,13.0
34041,2.0
35001,34.0
35003,0.0
35005,2.0
35006,0.0
35007,0.0
35009,0.0
35011,0.0
35013,4.0
35015,0.0
35017,0.0
35019,0.0
35021,0.0
35023,0.0
35025,0.0
35027,1.0
35028,1.0
35029,0.0
35031,1.0
35033,0.0
35035,0.0
35037,0.0
35039,0.0
35041,0.0
35043,5.0
35045,4.0
35047,0.0
35049,8.0
35051,0.0
35053,0.0
35055,0.0
35057,1.0
35059,0.0
35061,1.0
36001,17.0
36003,0.0
36005,7.0
36007,4.0
36009,0.0
36011,0.0
36013,2.0
36015,1.0
36017,0.0
36019,2.0
36021,0.0
36023,0.0
36025,1.0
36027,4.0
36029,16.0
36031,1.0
36033,0.0
36035,1.0
36037,1.0
36039,1.0
36041,0.0
36043,1.0
36045,2.0
36047,23.0
36049,0.0
36051,1.0
36053,1.0
36055,20.0
36057,2.0
36059,48.0
36061,204.0
36063,1.0
36065,2.0
36067,7.0
36069,5.0
36071,5.0
36073,0.0
36075,0.0
36077,1.0
36079,2.0
36081,35.0
36083,1.0
36085,7.0
36087,8.0
36089,0.0
36091,3.0
36093,4.0
36095,0.0
36097,0.0
36099,0.0
36101,1.0
36103,49.0
36105,1.0
36107,0.0
36109,3.0
36111,4.0
36113,2.0
36115,2.0
36117,4.0
36119,29.0
36121,0.0
36123,0.0
37001,4.0
37003,2.0
37005,0.0
37007,0.0
37009,0.0
37011,0.0
37013,0.0
37015,0.0
37017,0.0
37019,0.0
37021,16.0
37023,3.0
37025,17.0
37027,2.0
37029,1.0
37031,1.0
37033,0.0
37035,2.0
37037,11.0
37039,0.0
37041,0.0
37043,0.0
37045,0.0
37047,0.0
37049,2.0
37051,6.0
37053,0.0
37055,1.0
37057,7.0
37059,1.0
37061,0.0
37063,20.0
37065,0.0
37067,15.0
37069,1.0
37071,1.0
37073,0.0
37075,0.0
37077,1.0
37079,3.0
37081,23.0
37083,1.0
37085,2.0
37087,2.0
37089,6.0
37091,0.0
37093,3.0
37095,0.0
37097,7.0
37099,1.0
37101,3.0
37103,2.0
37105,0.0
37107,0.0
37109,0.0
37111,1.0
37113,0.0
37115,1.0
37117,0.0
37119,62.0
37121,0.0
37123,0.0
37125,1.0
37127,3.0
37129,5.0
37131,0.0
37133,1.0
37135,13.0
37137,0.0
37139,1.0
37141,0.0
37143,0.0
37145,0.0
37147,6.0
37149,1.0
37151,2.0
37153,0.0
37155,1.0
37157,0.0
37159,1.0
37161,1.0
37163,0.0
37165,0.0
37167,0.0
37169,0.0
37171,0.0
37173,0.0
37175,1.0
37177,0.0
37179,8.0
37181,0.0
37183,48.0
37185,0.0
37187,0.0
37189,1.0
37191,3.0
37193,0.0
37195,2.0
37197,0.0
37199,0.0
38001,0.0
38003,0.0
38005,0.0
38007,0.0
38009,0.0
38011,0.0
38013,0.0
38015,4.0
38017,3.0
38019,0.0
38021,0.0
38023,0.0
38025,0.0
38027,0.0
38029,2.0
38031,0.0
38033,0.0
38035,3.0
38037,0.0
38039,0.0
38041,0.0
38043,0.0
38045,0.0
38047,0.0
38049,0.0
38051,0.0
38053,0.0
38055,0.0
38057,0.0
38059,0.0
38061,0.0
38063,0.0
38065,0.0
38067,0.0
38069,0.0
38071,0.0
38073,0.0
38075,0.0
38077,0.0
38079,0.0
38081,0.0
38083,0.0
38085,0.0
38087,0.0
38089,0.0
38091,0.0
38093,0.0
38095,0.0
38097,0.0
38099,0.0
38101,1.0
38103,0.0
38105,0.0
39001,0.0
39003,1.0
39005,2.0
39007,0.0
39009,1.0
39011,0.0
39013,1.0
39015,1.0
39017,16.0
39019,0.0
39021,0.0
39023,1.0
39025,7.0
39027,0.0
39029,0.0
39031,0.0
39033,2.0
39035,41.0
39037,0.0
39039,0.0
39041,26.0
39043,3.0
39045,10.0
39047,0.0
39049,65.0
39051,2.0
39053,0.0
39055,6.0
39057,10.0
39059,0.0
39061,47.0
39063,0.0
39065,0.0
39067,1.0
39069,0.0
39071,1.0
39073,0.0
39075,0.0
39077,0.0
39079,1.0
39081,0.0
39083,1.0
39085,4.0
39087,0.0
39089,12.0
39091,0.0
39093,7.0
39095,9.0
39097,3.0
39099,1.0
39101,2.0
39103,7.0
39105,0.0
39107,0.0
39109,3.0
39111,0.0
39113,17.0
39115,0.0
39117,2.0
39119,2.0
39121,0.0
39123,0.0
39125,0.0
39127,0.0
39129,1.0
39131,1.0
39133,11.0
39135,1.0
39137,0.0
39139,4.0
39141,1.0
39143,2.0
39145,1.0
39147,2.0
39149,0.0
39151,7.0
39153,26.0
39155,2.0
39157,0.0
39159,11.0
39161,0.0
39163,0.0
39165,18.0
39167,0.0
39169,3.0
39171,2.0
39173,6.0
39175,0.0
40001,0.0
40003,0.0
40005,0.0
40007,0.0
40009,0.0
40011,0.0
40013,0.0
40015,0.0
40017,3.0
40019,1.0
40021,0.0
40023,0.0
40025,0.0
40027,8.0
40029,0.0
40031,1.0
40033,0.0
40035,0.0
40037,1.0
40039,0.0
40041,0.0
40043,0.0
40045,0.0
40047,1.0
40049,0.0
40051,0.0
40053,0.0
40055,0.0
40057,0.0
40059,0.0
40061,0.0
40063,0.0
40065,0.0
40067,0.0
40069,0.0
40071,1.0
40073,0.0
40075,0.0
40077,0.0
40079,0.0
40081,0.0
40083,3.0
40085,1.0
40087,1.0
40089,0.0
40091,0.0
40093,0.0
40095,1.0
40097,0.0
40099,0.0
40101,0.0
40103,3.0
40105,2.0
40107,0.0
40109,28.0
40111,0.0
40113,1.0
40115,0.0
40117,0.0
40119,2.0
40121,0.0
40123,0.0
40125,1.0
40127,0.0
40129,0.0
40131,2.0
40133,0.0
40135,0.0
40137,0.0
40139,0.0
40141,0.0
40143,26.0
40145,0.0
40147,2.0
40149,0.0
40151,0.0
40153,0.0
41001,1.0
41003,9.0
41005,66.0
41007,4.0
41009,2.0
41011,1.0
41013,10.0
41015,1.0
41017,14.0
41019,4.0
41021,0.0
41023,0.0
41025,0.0
41027,2.0
41029,11.0
41031,1.0
41033,1.0
41035,1.0
41037,0.0
41039,25.0
41041,4.0
41043,9.0
41045,0.0
41047,20.0
41049,2.0
41051,143.0
41053,4.0
41055,0.0
41057,2.0
41059,4.0
41061,3.0
41063,0.0
41065,2.0
41067,85.0
41069,0.0
41071,14.0
42001,2.0
42003,51.0
42005,0.0
42007,4.0
42009,3.0
42011,6.0
42013,0.0
42015,0.0
42017,25.0
42019,5.0
42021,1.0
42023,0.0
42025,1.0
42027,4.0
42029,21.0
42031,1.0
42033,0.0
42035,1.0
42037,1.0
42039,0.0
42041,8.0
42043,10.0
42045,18.0
42047,0.0
42049,3.0
42051,2.0
42053,0.0
42055,4.0
42057,2.0
42059,0.0
42061,1.0
42063,2.0
42065,0.0
42067,0.0
42069,5.0
42071,7.0
42073,0.0
42075,2.0
42077,10.0
42079,1.0
42081,3.0
42083,0.0
42085,1.0
42087,0.0
42089,3.0
42091,44.0
42093,2.0
42095,4.0
42097,1.0
42099,0.0
42101,36.0
42103,0.0
42105,0.0
42107,0.0
42109,2.0
42111,3.0
42113,0.0
42115,0.0
42117,0.0
42119,2.0
42121,0.0
42123,0.0
42125,7.0
42127,0.0
42129,10.0
42131,0.0
42133,10.0
44001,1.0
44003,8.0
44005,2.0
44007,16.0
44009,2.0
45001,1.0
45003,2.0
45005,0.0
45007,3.0
45009,0.0
45011,0.0
45013,6.0
45015,4.0
45017,0.0
45019,19.0
45021,1.0
45023,0.0
45025,0.0
45027,0.0
45029,0.0
45031,1.0
45033,0.0
45035,2.0
45037,0.0
45039,0.0
45041,1.0
45043,2.0
45045,13.0
45047,1.0
45049,0.0
45051,10.0
45053,0.0
45055,0.0
45057,1.0
45059,0.0
45061,0.0
45063,5.0
45065,0.0
45067,0.0
45069,0.0
45071,0.0
45073,0.0
45075,0.0
45077,2.0
45079,10.0
45081,0.0
45083,2.0
45085,0.0
45087,0.0
45089,0.0
45091,5.0
46003,0.0
46005,0.0
46007,0.0
46009,0.0
46011,1.0
46013,1.0
46015,0.0
46017,0.0
46019,1.0
46021,0.0
46023,0.0
46025,0.0
46027,0.0
46029,1.0
46031,0.0
46033,0.0
46035,0.0
46037,0.0
46039,0.0
46041,0.0
46043,0.0
46045,0.0
46047,0.0
46049,0.0
46051,0.0
46053,0.0
46055,0.0
46057,1.0
46059,0.0
46061,0.0
46063,0.0
46065,0.0
46067,0.0
46069,0.0
46071,0.0
46073,0.0
46075,0.0
46077,0.0
46079,0.0
46081,1.0
46083,4.0
46085,0.0
46087,0.0
46089,0.0
46091,0.0
46093,5.0
46095,0.0
46097,0.0
46099,9.0
46101,1.0
46103,5.0
46105,0.0
46107,0.0
46109,0.0
46111,0.0
46113,0.0
46115,0.0
46117,0.0
46119,0.0
46121,0.0
46123,0.0
46125,0.0
46127,0.0
46129,0.0
46135,1.0
46137,0.0
47001,2.0
47003,0.0
47005,0.0
47007,0.0
47009,3.0
47011,2.0
47013,0.0
47015,0.0
47017,2.0
47019,1.0
47021,2.0
47023,0.0
47025,0.0
47027,0.0
47029,0.0
47031,1.0
47033,0.0
47035,0.0
47037,36.0
47039,0.0
47041,0.0
47043,0.0
47045,0.0
47047,3.0
47049,0.0
47051,0.0
47053,0.0
47055,0.0
47057,0.0
47059,0.0
47061,0.0
47063,0.0
47065,8.0
47067,0.0
47069,0.0
47071,0.0
47073,1.0
47075,0.0
47077,0.0
47079,0.0
47081,0.0
47083,0.0
47085,0.0
47087,1.0
47089,1.0
47091,0.0
47093,17.0
47095,0.0
47097,0.0
47099,0.0
47101,0.0
47103,0.0
47105,1.0
47107,0.0
47109,0.0
47111,0.0
47113,2.0
47115,0.0
47117,2.0
47119,2.0
47121,0.0
47123,1.0
47125,4.0
47127,0.0
47129,1.0
47131,0.0
47133,1.0
47135,0.0
47137,0.0
47139,0.0
47141,1.0
47143,0.0
47145,2.0
47147,0.0
47149,8.0
47151,0.0
47153,0.0
47155,4.0
47157,33.0
47159,0.0
47161,0.0
47163,2.0
47165,4.0
47167,1.0
47169,0.0
47171,1.0
47173,0.0
47175,0.0
47177,0.0
47179,1.0
47181,0.0
47183,0.0
47185,0.0
47187,17.0
47189,4.0
48001,0.0
48003,0.0
48005,1.0
48007,0.0
48009,2.0
48011,0.0
48013,0.0
48015,1.0
48017,0.0
48019,2.0
48021,1.0
48023,0.0
48025,0.0
48027,7.0
48029,73.0
48031,0.0
48033,0.0
48035,0.0
48037,1.0
48039,9.0
48041,8.0
48043,0.0
48045,0.0
48047,0.0
48049,0.0
48051,0.0
48053,1.0
48055,7.0
48057,0.0
48059,0.0
48061,6.0
48063,0.0
48065,0.0
48067,0.0
48069,0.0
48071,3.0
48073,0.0
48075,0.0
48077,0.0
48079,0.0
48081,0.0
48083,0.0
48085,72.0
48087,0.0
48089,0.0
48091,10.0
48093,0.0
48095,0.0
48097,2.0
48099,1.0
48101,0.0
48103,0.0
48105,0.0
48107,0.0
48109,0.0
48111,0.0
48113,136.0
48115,0.0
48117,0.0
48119,0.0
48121,60.0
48123,0.0
48125,0.0
48127,0.0
48129,0.0
48131,0.0
48133,0.0
48135,2.0
48137,0.0
48139,11.0
48141,18.0
48143,1.0
48145,0.0
48147,0.0
48149,0.0
48151,0.0
48153,0.0
48155,0.0
48157,29.0
48159,0.0
48161,0.0
48163,0.0
48165,0.0
48167,20.0
48169,0.0
48171,1.0
48173,0.0
48175,0.0
48177,0.0
48179,0.0
48181,3.0
48183,3.0
48185,1.0
48187,8.0
48189,0.0
48191,0.0
48193,0.0
48195,0.0
48197,0.0
48199,0.0
48201,184.0
48203,3.0
48205,0.0
48207,0.0
48209,12.0
48211,0.0
48213,0.0
48215,7.0
48217,1.0
48219,2.0
48221,3.0
48223,0.0
48225,0.0
48227,0.0
48229,0.0
48231,2.0
48233,0.0
48235,0.0
48237,0.0
48239,0.0
48241,0.0
48243,0.0
48245,5.0
48247,0.0
48249,0.0
48251,9.0
48253,0.0
48255,0.0
48257,2.0
48259,1.0
48261,0.0
48263,0.0
48265,1.0
48267,0.0
48269,0.0
48271,0.0
48273,1.0
48275,0.0
48277,0.0
48279,0.0
48281,1.0
48283,0.0
48285,0.0
48287,0.0
48289,0.0
48291,0.0
48293,0.0
48295,0.0
48297,0.0
48299,1.0
48301,0.0
48303,7.0
48305,0.0
48307,0.0
48309,5.0
48311,0.0
48313,0.0
48315,0.0
48317,0.0
48319,0.0
48321,0.0
48323,0.0
48325,3.0
48327,0.0
48329,2.0
48331,0.0
48333,0.0
48335,0.0
48337,1.0
48339,22.0
48341,0.0
48343,0.0
48345,0.0
48347,2.0
48349,1.0
48351,0.0
48353,0.0
48355,4.0
48357,0.0
48359,0.0
48361,0.0
48363,0.0
48365,0.0
48367,4.0
48369,0.0
48371,0.0
48373,0.0
48375,3.0
48377,0.0
48379,0.0
48381,3.0
48383,0.0
48385,0.0
48387,0.0
48389,0.0
48391,0.0
48393,0.0
48395,0.0
48397,14.0
48399,0.0
48401,0.0
48403,0.0
48405,0.0
48407,0.0
48409,1.0
48411,0.0
48413,0.0
48415,0.0
48417,0.0
48419,0.0
48421,0.0
48423,3.0
48425,2.0
48427,0.0
48429,0.0
48431,0.0
48433,0.0
48435,0.0
48437,0.0
48439,107.0
48441,2.0
48443,0.0
48445,0.0
48447,0.0
48449,0.0
48451,1.0
48453,68.0
48455,0.0
48457,0.0
48459,3.0
48461,0.0
48463,0.0
48465,0.0
48467,0.0
48469,2.0
48471,4.0
48473,4.0
48475,0.0
48477,1.0
48479,4.0
48481,0.0
48483,0.0
48485,2.0
48487,0.0
48489,0.0
48491,29.0
48493,2.0
48495,0.0
48497,1.0
48499,1.0
48501,0.0
48503,0.0
48505,0.0
48507,0.0
49001,0.0
49003,0.0
49005,1.0
49007,0.0
49009,0.0
49011,6.0
49013,0.0
49015,0.0
49017,0.0
49019,1.0
49021,1.0
49023,0.0
49025,0.0
49027,0.0
49029,0.0
49031,0.0
49033,0.0
49035,35.0
49037,1.0
49039,0.0
49041,0.0
49043,4.0
49045,0.0
49047,0.0
49049,4.0
49051,0.0
49053,4.0
49055,0.0
49057,2.0
50001,0.0
50003,0.0
50005,0.0
50007,4.0
50009,0.0
50011,0.0
50013,0.0
50015,0.0
50017,0.0
50019,0.0
50021,0.0
50023,0.0
50025,0.0
50027,0.0
51001,0.0
51003,9.0
51005,0.0
51007,0.0
51009,0.0
51011,0.0
51013,28.0
51015,3.0
51017,0.0
51019,3.0
51021,0.0
51023,1.0
51025,0.0
51027,0.0
51029,0.0
51031,2.0
51033,1.0
51035,0.0
51036,6.0
51037,0.0
51041,16.0
51043,2.0
51045,0.0
51047,10.0
51049,0.0
51051,0.0
51053,1.0
51057,0.0
51059,89.0
51061,7.0
51063,0.0
51065,0.0
51067,1.0
51069,4.0
51071,0.0
51073,2.0
51075,6.0
51077,0.0
51079,0.0
51081,0.0
51083,0.0
51085,7.0
51087,22.0
51089,0.0
51091,0.0
51093,2.0
51095,8.0
51097,0.0
51099,0.0
51101,0.0
51103,0.0
51105,0.0
51107,28.0
51109,0.0
51111,0.0
51113,2.0
51115,0.0
51117,0.0
51119,0.0
51121,4.0
51125,0.0
51127,2.0
51131,0.0
51133,0.0
51135,0.0
51137,2.0
51139,0.0
51141,0.0
51143,2.0
51145,6.0
51147,0.0
51149,1.0
51153,21.0
51155,0.0
51157,2.0
51159,0.0
51161,6.0
51163,0.0
51165,2.0
51167,0.0
51169,2.0
51171,0.0
51173,0.0
51175,1.0
51177,8.0
51179,5.0
51181,1.0
51183,1.0
51185,0.0
51187,2.0
51191,2.0
51193,0.0
51195,0.0
51197,1.0
51199,15.0
51510,13.0
51515,0.0
51520,2.0
51530,0.0
51540,6.0
51550,15.0
51570,1.0
51580,0.0
51590,2.0
51595,0.0
51600,7.0
51610,7.0
51620,1.0
51630,8.0
51640,0.0
51650,3.0
51660,4.0
51670,1.0
51678,0.0
51680,3.0
51683,2.0
51685,2.0
51690,0.0
51700,10.0
51710,14.0
51720,0.0
51730,0.0
51735,0.0
51740,3.0
51750,3.0
51760,28.0
51770,4.0
51775,3.0
51790,1.0
51800,6.0
51810,39.0
51820,2.0
51830,8.0
51840,0.0
53001,1.0
53003,2.0
53005,15.0
53007,6.0
53009,4.0
53011,36.0
53013,0.0
53015,8.0
53017,2.0
53019,0.0
53021,1.0
53023,2.0
53025,4.0
53027,2.0
53029,3.0
53031,5.0
53033,313.0
53035,20.0
53037,4.0
53039,1.0
53041,5.0
53043,3.0
53045,4.0
53047,1.0
53049,0.0
53051,1.0
53053,79.0
53055,0.0
53057,15.0
53059,2.0
53061,90.0
53063,42.0
53065,1.0
53067,25.0
53069,6.0
53071,5.0
53073,14.0
53075,6.0
53077,12.0
54001,0.0
54003,1.0
54005,0.0
54007,0.0
54009,1.0
54011,5.0
54013,0.0
54015,0.0
54017,0.0
54019,0.0
54021,0.0
54023,0.0
54025,0.0
54027,0.0
54029,1.0
54031,0.0
54033,1.0
54035,0.0
54037,0.0
54039,3.0
54041,0.0
54043,0.0
54045,0.0
54047,0.0
54049,0.0
54051,1.0
54053,0.0
54055,2.0
54057,0.0
54059,0.0
54061,2.0
54063,0.0
54065,0.0
54067,0.0
54069,2.0
54071,0.0
54073,0.0
54075,0.0
54077,0.0
54079,0.0
54081,2.0
54083,0.0
54085,0.0
54087,0.0
54089,0.0
54091,0.0
54093,0.0
54095,0.0
54097,0.0
54099,4.0
54101,0.0
54103,0.0
54105,0.0
54107,0.0
54109,0.0
55001,1.0
55003,0.0
55005,0.0
55007,0.0
55009,5.0
55011,0.0
55013,0.0
55015,1.0
55017,0.0
55019,1.0
55021,1.0
55023,0.0
55025,14.0
55027,1.0
55029,0.0
55031,0.0
55033,3.0
55035,3.0
55037,0.0
55039,2.0
55041,0.0
55043,0.0
55045,0.0
55047,0.0
55049,0.0
55051,0.0
55053,0.0
55055,1.0
55057,1.0
55059,4.0
55061,0.0
55063,1.0
55065,0.0
55067,0.0
55069,0.0
55071,1.0
55073,3.0
55075,0.0
55077,0.0
55078,0.0
55079,37.0
55081,0.0
55083,0.0
55085,0.0
55087,6.0
55089,7.0
55091,0.0
55093,0.0
55095,0.0
55097,2.0
55099,0.0
55101,2.0
55103,0.0
55105,3.0
55107,0.0
55109,1.0
55111,1.0
55113,0.0
55115,0.0
55117,3.0
55119,0.0
55121,0.0
55123,0.0
55125,0.0
55127,3.0
55129,0.0
55131,7.0
55133,20.0
55135,0.0
55137,0.0
55139,5.0
55141,1.0
56001,2.0
56003,0.0
56005,2.0
56007,0.0
56009,0.0
56011,0.0
56013,0.0
56015,0.0
56017,0.0
56019,0.0
56021,5.0
56023,0.0
56025,3.0
56027,0.0
56029,0.0
56031,0.0
56033,1.0
56035,0.0
56037,1.0
56039,1.0
56041,0.0
56043,0.0
56045,0.0
72001,0.0
72003,0.0
72005,0.0
72007,0.0
72009,0.0
72011,0.0
72013,0.0
72015,0.0
72017,0.0
72019,0.0
72021,0.0
72023,0.0
72025,0.0
72027,0.0
72029,0.0
72031,0.0
72033,0.0
72035,0.0
72037,0.0
72039,0.0
72041,0.0
72043,0.0
72045,0.0
72047,0.0
72049,0.0
72051,0.0
72053,0.0
72054,0.0
72055,0.0
72057,0.0
72059,0.0
72061,0.0
72063,0.0
72065,0.0
72067,0.0
72069,0.0
72071,0.0
72073,0.0
72075,0.0
72077,0.0
72079,0.0
72081,0.0
72083,0.0
72085,0.0
72087,0.0
72089,0.0
72091,0.0
72093,0.0
72095,0.0
72097,0.0
72099,0.0
72101,0.0
72103,0.0
72105,0.0
72107,0.0
72109,0.0
72111,0.0
72113,0.0
72115,0.0
72117,0.0
72119,0.0
72121,0.0
72123,0.0
72125,0.0
72127,0.0
72129,0.0
72131,0.0
72133,0.0
72135,0.0
72137,0.0
72139,0.0
72141,0.0
72143,0.0
72145,0.0
72147,0.0
72149,0.0
72151,0.0
72153,0.0
78010,0.0
78020,0.0
78030,0.0
